lat,lng,latnear,lngnear,dist_miles
42.316339023,-88.4190001245,42.3151200,-88.4341650,0.779471224654
42.316339023,-88.3900001245,42.3151200,-88.4341650,2.25834207858
42.316339023,-88.3610001245,42.3092740,-88.3103980,2.63162501409
42.316339023,-88.3320001245,42.3092740,-88.3103980,1.20707320274
42.316339023,-88.3030001245,42.3092740,-88.3103980,0.617462465054
42.316339023,-88.2740001245,42.3148410,-88.2773420,0.19969028055
42.316339023,-88.2450001245,42.3148410,-88.2773420,1.65587583909
42.316339023,-88.2160001245,42.3260560,-88.1891540,1.52709777692
42.316339023,-88.1870001245,42.3260560,-88.1891540,0.680400564752
42.316339023,-88.1580001245,42.3238350,-88.1510760,0.627251810747
42.316339023,-88.1290001245,42.3238350,-88.1510760,1.2411443813
42.316339023,-88.1000001245,42.3238350,-88.1510760,2.66046249277
42.316339023,-88.0710001245,42.3083900,-88.0074000,3.29632143386
42.316339023,-88.0420001245,42.3083900,-88.0074000,1.85156197062
42.316339023,-88.0130001245,42.3083900,-88.0074000,0.619362978057
42.316339023,-87.9840001245,42.3050790,-87.9888180,0.816098516453
42.316339023,-87.9550001245,42.3042680,-87.9822880,1.62502077118
42.316339023,-87.9260001245,42.2869200,-87.9540090,2.4865076596
42.316339023,-87.8970001245,42.3187640,-87.8660230,1.591646272
42.316339023,-87.8680001245,42.3187640,-87.8660230,0.195662808699
42.316339023,-87.8390001245,42.3192770,-87.8528700,0.737191703725
42.316339023,-87.8100001245,42.3192770,-87.8528700,2.19984071545
42.316339023,-87.7810001245,42.3192770,-87.8528700,3.67782674351
42.316339023,-87.7520001245,42.3192770,-87.8528700,5.15798243054
42.316339023,-87.7230001245,42.3192770,-87.8528700,6.63885673658
42.316339023,-87.6940001245,42.3192770,-87.8528700,8.1200565023
42.316339023,-87.6650001245,42.3192770,-87.8528700,9.60143110421
42.316339023,-87.6360001245,42.3192770,-87.8528700,11.0829104352
42.316339023,-87.6070001245,42.3192770,-87.8528700,12.5644574493
42.316339023,-87.5780001245,42.3192770,-87.8528700,14.0460507294
42.316339023,-87.5490001245,42.2049720,-87.8101020,15.4224357169
42.316339023,-87.5200001245,42.2049720,-87.8101020,16.7252954191
42.316339023,-87.4910001245,42.2049720,-87.8101020,18.0562094837
42.316339023,-87.4620001245,42.2049720,-87.8101020,19.4094076577
42.316339023,-87.4330001245,42.2049720,-87.8101020,20.7805370712
42.316339023,-87.4040001245,42.0875730,-87.7011840,21.9580828196
42.316339023,-87.3750001245,42.0875730,-87.7011840,23.0152305863
42.316339023,-87.3460001245,42.0875730,-87.7011840,24.1177913669
42.316339023,-87.3170001245,42.0875730,-87.7011840,25.2598191908
42.316339023,-87.2880001245,42.0875730,-87.7011840,26.4361996955
42.316339023,-87.2590001245,42.0875730,-87.7011840,27.6425474004
42.316339023,-87.2300001245,42.0875730,-87.7011840,28.8751066297
42.287339023,-88.4190001245,42.2939860,-88.4310120,0.766782693308
42.287339023,-88.3900001245,42.2939860,-88.4310120,2.14608618919
42.287339023,-88.3610001245,42.3092740,-88.3103980,2.99741307822
42.287339023,-88.3320001245,42.3092740,-88.3103980,1.87511617333
42.287339023,-88.3030001245,42.3092740,-88.3103980,1.5621443091
42.287339023,-88.2740001245,42.3148410,-88.2773420,1.90804362018
42.287339023,-88.2450001245,42.3148410,-88.2773420,2.51846759813
42.287339023,-88.2160001245,42.2850760,-88.1936800,1.15174011729
42.287339023,-88.1870001245,42.2850760,-88.1936800,0.375596594332
42.287339023,-88.1580001245,42.2806050,-88.1528890,0.533675289691
42.287339023,-88.1290001245,42.2806050,-88.1528890,1.30699911915
42.287339023,-88.1000001245,42.2806050,-88.1528890,2.7437826251
42.287339023,-88.0710001245,42.2772890,-88.0207500,2.66146144622
42.287339023,-88.0420001245,42.2772890,-88.0207500,1.28948380569
42.287339023,-88.0130001245,42.2772890,-88.0207500,0.79955089187
42.287339023,-87.9840001245,42.3042680,-87.9822880,1.17306041734
42.287339023,-87.9550001245,42.2869200,-87.9540090,0.0583575246288
42.287339023,-87.9260001245,42.2869200,-87.9540090,1.43215269054
42.287339023,-87.8970001245,42.2925080,-87.8881430,0.576678495667
42.287339023,-87.8680001245,42.2783460,-87.8763790,0.754776095768
42.287339023,-87.8390001245,42.2783460,-87.8763790,2.00962123008
42.287339023,-87.8100001245,42.2558850,-87.8417370,2.7127281863
42.287339023,-87.7810001245,42.2558850,-87.8417370,3.79134758526
42.287339023,-87.7520001245,42.2550410,-87.8409980,5.06969271576
42.287339023,-87.7230001245,42.2550410,-87.8409980,6.43472733885
42.287339023,-87.6940001245,42.2550410,-87.8409980,7.84282304979
42.287339023,-87.6650001245,42.2550410,-87.8409980,9.27438712946
42.287339023,-87.6360001245,42.2049720,-87.8101020,10.5743360315
42.287339023,-87.6070001245,42.2049720,-87.8101020,11.8523809419
42.287339023,-87.5780001245,42.2049720,-87.8101020,13.1737806313
42.287339023,-87.5490001245,42.2049720,-87.8101020,14.5267088115
42.287339023,-87.5200001245,42.2049720,-87.8101020,15.9031208356
42.287339023,-87.4910001245,42.1716930,-87.7893100,17.2416393489
42.287339023,-87.4620001245,42.0875730,-87.7011840,18.4662574056
42.287339023,-87.4330001245,42.0875730,-87.7011840,19.485864956
42.287339023,-87.4040001245,42.0875730,-87.7011840,20.5625578967
42.287339023,-87.3750001245,42.0875730,-87.7011840,21.6878358782
42.287339023,-87.3460001245,42.0875730,-87.7011840,22.854523547
42.287339023,-87.3170001245,42.0875730,-87.7011840,24.0565968436
42.287339023,-87.2880001245,42.0875730,-87.7011840,25.2890102709
42.287339023,-87.2590001245,42.0875730,-87.7011840,26.5475387357
42.287339023,-87.2300001245,42.0875730,-87.7011840,27.828639367
42.258339023,-88.4190001245,42.2939860,-88.4310120,2.53857793641
42.258339023,-88.3900001245,42.2331380,-88.3692000,2.04084702537
42.258339023,-88.3610001245,42.2331380,-88.3692000,1.79121822568
42.258339023,-88.3320001245,42.2448410,-88.3159800,1.2415999679
42.258339023,-88.3030001245,42.2448410,-88.3159800,1.14492116458
42.258339023,-88.2740001245,42.2488400,-88.2477900,1.49276687403
42.258339023,-88.2450001245,42.2488400,-88.2477900,0.671717120816
42.258339023,-88.2160001245,42.2708550,-88.1947230,1.38986127182
42.258339023,-88.1870001245,42.2708550,-88.1947230,0.950749092919
42.258339023,-88.1580001245,42.2581330,-88.1518390,0.315432141139
42.258339023,-88.1290001245,42.2581330,-88.1518390,1.16818106808
42.258339023,-88.1000001245,42.2581330,-88.1518390,2.65133758014
42.258339023,-88.0710001245,42.2524500,-88.0195190,2.66449677452
42.258339023,-88.0420001245,42.2524500,-88.0195190,1.21978069705
42.258339023,-88.0130001245,42.2524500,-88.0195190,0.526093237388
42.258339023,-87.9840001245,42.2523660,-87.9991670,0.878741573251
42.258339023,-87.9550001245,42.2569190,-87.9507940,0.236447879866
42.258339023,-87.9260001245,42.2569190,-87.9507940,1.27189784252
42.258339023,-87.8970001245,42.2379700,-87.9039500,1.45171666784
42.258339023,-87.8680001245,42.2558850,-87.8417370,1.35393642238
42.258339023,-87.8390001245,42.2558850,-87.8417370,0.219886553205
42.258339023,-87.8100001245,42.2550410,-87.8409980,1.60175897865
42.258339023,-87.7810001245,42.2550410,-87.8409980,3.07719222267
42.258339023,-87.7520001245,42.2177950,-87.8221410,4.55351456665
42.258339023,-87.7230001245,42.2049720,-87.8101020,5.78599756169
42.258339023,-87.6940001245,42.2049720,-87.8101020,6.99417524369
42.258339023,-87.6650001245,42.2049720,-87.8101020,8.29255193161
42.258339023,-87.6360001245,42.2049720,-87.8101020,9.64476844621
42.258339023,-87.6070001245,42.2022160,-87.8086590,11.0274037683
42.258339023,-87.5780001245,42.1716930,-87.7893100,12.3680231028
42.258339023,-87.5490001245,42.1716930,-87.7893100,13.6865296823
42.258339023,-87.5200001245,42.1342880,-87.7590360,14.9508313409
42.258339023,-87.4910001245,42.0875730,-87.7011840,15.9819458223
42.258339023,-87.4620001245,42.0875730,-87.7011840,17.0204371016
42.258339023,-87.4330001245,42.0875730,-87.7011840,18.1215769084
42.258339023,-87.4040001245,42.0875730,-87.7011840,19.2746310942
42.258339023,-87.3750001245,42.0875730,-87.7011840,20.4708290414
42.258339023,-87.3460001245,42.0875730,-87.7011840,21.7030381081
42.258339023,-87.3170001245,42.0875730,-87.7011840,22.9654625091
42.258339023,-87.2880001245,42.0875730,-87.7011840,24.2533844451
42.258339023,-87.2590001245,42.0875730,-87.7011840,25.5629503282
42.258339023,-87.2300001245,42.0875730,-87.7011840,26.8909982258
42.229339023,-88.4190001245,42.2331380,-88.3692000,2.56152328296
42.229339023,-88.3900001245,42.2331380,-88.3692000,1.09614149925
42.229339023,-88.3610001245,42.2331380,-88.3692000,0.49490639259
42.229339023,-88.3320001245,42.2312140,-88.3321140,0.129691863296
42.229339023,-88.3030001245,42.2268100,-88.3024960,0.176649165051
42.229339023,-88.2740001245,42.2177260,-88.2573050,1.17216623722
42.229339023,-88.2450001245,42.2361900,-88.2499920,0.537901683452
42.229339023,-88.2160001245,42.2361900,-88.2499920,1.80239997007
42.229339023,-88.1870001245,42.2581330,-88.1518390,2.68192126243
42.229339023,-88.1580001245,42.2581330,-88.1518390,2.01446192473
42.229339023,-88.1290001245,42.2581330,-88.1518390,2.30720749356
42.229339023,-88.1000001245,42.1969690,-88.0934110,2.26206178001
42.229339023,-88.0710001245,42.1979700,-88.0720560,2.16827336988
42.229339023,-88.0420001245,42.2524500,-88.0195190,1.96788722646
42.229339023,-88.0130001245,42.2194300,-88.0007960,0.926774680143
42.229339023,-87.9840001245,42.2377700,-87.9855880,0.588217376366
42.229339023,-87.9550001245,42.2319760,-87.9426070,0.659770255693
42.229339023,-87.9260001245,42.2319760,-87.9426070,0.869028676067
42.229339023,-87.8970001245,42.2379700,-87.9039500,0.694348644758
42.229339023,-87.8680001245,42.2250650,-87.8723260,0.369085730302
42.229339023,-87.8390001245,42.2177950,-87.8221410,1.17505560662
42.229339023,-87.8100001245,42.2177950,-87.8221410,1.01112733225
42.229339023,-87.7810001245,42.2049720,-87.8101020,2.24814743698
42.229339023,-87.7520001245,42.2049720,-87.8101020,3.41766955202
42.229339023,-87.7230001245,42.2049720,-87.8101020,4.7659179681
42.229339023,-87.6940001245,42.2022160,-87.8086590,6.16139383865
42.229339023,-87.6650001245,42.1716930,-87.7893100,7.50997783155
42.229339023,-87.6360001245,42.1716930,-87.7893100,8.80439143853
42.229339023,-87.6070001245,42.1716930,-87.7893100,10.1511921833
42.229339023,-87.5780001245,42.1342880,-87.7590360,11.3668874875
42.229339023,-87.5490001245,42.0875730,-87.7011840,12.5248479626
42.229339023,-87.5200001245,42.0875730,-87.7011840,13.5017530729
42.229339023,-87.4910001245,42.0875730,-87.7011840,14.5652476549
42.229339023,-87.4620001245,42.0875730,-87.7011840,15.6977427075
42.229339023,-87.4330001245,42.0875730,-87.7011840,16.8853604234
42.229339023,-87.4040001245,42.0875730,-87.7011840,18.1172638883
42.229339023,-87.3750001245,42.0875730,-87.7011840,19.3850119583
42.229339023,-87.3460001245,42.0875730,-87.7011840,20.6820141694
42.229339023,-87.3170001245,42.0875730,-87.7011840,22.0030978555
42.229339023,-87.2880001245,42.0875730,-87.7011840,23.3441749485
42.229339023,-87.2590001245,42.0875730,-87.7011840,24.701989322
42.229339023,-87.2300001245,42.0585320,-87.6831250,26.0727346304
42.200339023,-88.4190001245,42.1775630,-88.4263570,1.61828868179
42.200339023,-88.3900001245,42.1774890,-88.3957920,1.6065536573
42.200339023,-88.3610001245,42.1747500,-88.3372720,2.14550559536
42.200339023,-88.3320001245,42.2124250,-88.3173030,1.12397015964
42.200339023,-88.3030001245,42.2124250,-88.3173030,1.11056671491
42.200339023,-88.2740001245,42.2095210,-88.2832160,0.790612099379
42.200339023,-88.2450001245,42.2177260,-88.2573050,1.35647545074
42.200339023,-88.2160001245,42.1946840,-88.2124170,0.431678584475
42.200339023,-88.1870001245,42.1864260,-88.1958020,1.06178436545
42.200339023,-88.1580001245,42.1864260,-88.1958020,2.16118382121
42.200339023,-88.1290001245,42.1932460,-88.1093850,1.11746920814
42.200339023,-88.1000001245,42.1969690,-88.0934110,0.409899444226
42.200339023,-88.0710001245,42.1979700,-88.0720560,0.172393106912
42.200339023,-88.0420001245,42.1923340,-88.0417150,0.553339679572
42.200339023,-88.0130001245,42.2194300,-88.0007960,1.45956561872
42.200339023,-87.9840001245,42.1970470,-87.9676520,0.867297771051
42.200339023,-87.9550001245,42.1970470,-87.9676520,0.686491336009
42.200339023,-87.9260001245,42.1992130,-87.9327260,0.352998129839
42.200339023,-87.8970001245,42.1948080,-87.8871790,0.631573691769
42.200339023,-87.8680001245,42.1987110,-87.8613020,0.3608802899
42.200339023,-87.8390001245,42.1919580,-87.8251940,0.913801691721
42.200339023,-87.8100001245,42.2020050,-87.8117090,0.144584985498
42.200339023,-87.7810001245,42.2022160,-87.8086590,1.42179477483
42.200339023,-87.7520001245,42.1716930,-87.7893100,2.75126191343
42.200339023,-87.7230001245,42.1716930,-87.7893100,3.93083019052
42.200339023,-87.6940001245,42.1716930,-87.7893100,5.26737718646
42.200339023,-87.6650001245,42.1342880,-87.7590360,6.63724462217
42.200339023,-87.6360001245,42.1342880,-87.7590360,7.7835989373
42.200339023,-87.6070001245,42.1342880,-87.7590360,9.02955580453
42.200339023,-87.5780001245,42.0875730,-87.7011840,10.0311992298
42.200339023,-87.5490001245,42.0875730,-87.7011840,11.0284583641
42.200339023,-87.5200001245,42.0875730,-87.7011840,12.1265169543
42.200339023,-87.4910001245,42.0875730,-87.7011840,13.3004329498
42.200339023,-87.4620001245,42.0875730,-87.7011840,14.5318341414
42.200339023,-87.4330001245,42.0875730,-87.7011840,15.8072917994
42.200339023,-87.4040001245,42.0875730,-87.7011840,17.11696025
42.200339023,-87.3750001245,42.0875730,-87.7011840,18.453557002
42.200339023,-87.3460001245,42.0875730,-87.7011840,19.811632631
42.200339023,-87.3170001245,42.0585320,-87.6831250,21.1867671125
42.200339023,-87.2880001245,42.0585320,-87.6831250,22.5164775705
42.200339023,-87.2590001245,42.0585320,-87.6831250,23.864870762
42.200339023,-87.2300001245,42.0585320,-87.6831250,25.2289512979
42.171339023,-88.4190001245,42.1775630,-88.4263570,0.571755970264
42.171339023,-88.3900001245,42.1774890,-88.3957920,0.518235275888
42.171339023,-88.3610001245,42.1747500,-88.3372720,1.23782532731
42.171339023,-88.3320001245,42.1713200,-88.3344460,0.12527324203
42.171339023,-88.3030001245,42.1733230,-88.3100000,0.383808897894
42.171339023,-88.2740001245,42.1617140,-88.2741220,0.665118387802
42.171339023,-88.2450001245,42.1617140,-88.2741220,1.63326414838
42.171339023,-88.2160001245,42.1864260,-88.1958020,1.46847232843
42.171339023,-88.1870001245,42.1864260,-88.1958020,1.13575651016
42.171339023,-88.1580001245,42.1654900,-88.1552480,0.428044627599
42.171339023,-88.1290001245,42.1561650,-88.1282510,1.04922702952
42.171339023,-88.1000001245,42.1871350,-88.0934120,1.14243917754
42.171339023,-88.0710001245,42.1668280,-88.0590960,0.684776667767
42.171339023,-88.0420001245,42.1584560,-88.0451720,0.904923431134
42.171339023,-88.0130001245,42.1663140,-87.9993420,0.780995139513
42.171339023,-87.9840001245,42.1705920,-87.9837960,0.0526673148197
42.171339023,-87.9550001245,42.1679690,-87.9455710,0.536153123568
42.171339023,-87.9260001245,42.1679690,-87.9455710,1.02907614977
42.171339023,-87.8970001245,42.1948080,-87.8871790,1.69786473848
42.171339023,-87.8680001245,42.1711140,-87.8515700,0.84162080122
42.171339023,-87.8390001245,42.1662520,-87.8481610,0.586280009812
42.171339023,-87.8100001245,42.1747530,-87.8220520,0.660754518323
42.171339023,-87.7810001245,42.1716930,-87.7893100,0.426292895353
42.171339023,-87.7520001245,42.1716930,-87.7893100,1.91098323792
42.171339023,-87.7230001245,42.1342880,-87.7590360,3.15672996427
42.171339023,-87.6940001245,42.1342880,-87.7590360,4.2026422133
42.171339023,-87.6650001245,42.1342880,-87.7590360,5.45678737418
42.171339023,-87.6360001245,42.0875730,-87.7011840,6.68417122556
42.171339023,-87.6070001245,42.0875730,-87.7011840,7.5387607446
42.171339023,-87.5780001245,42.0875730,-87.7011840,8.56803745383
42.171339023,-87.5490001245,42.0875730,-87.7011840,9.71664559971
42.171339023,-87.5200001245,42.0875730,-87.7011840,10.9470873416
42.171339023,-87.4910001245,42.0875730,-87.7011840,12.2346975636
42.171339023,-87.4620001245,42.0875730,-87.7011840,13.5632043167
42.171339023,-87.4330001245,42.0875730,-87.7011840,14.9216883044
42.171339023,-87.4040001245,42.0875730,-87.7011840,16.3026573301
42.171339023,-87.3750001245,42.0585320,-87.6831250,17.6261283037
42.171339023,-87.3460001245,42.0585320,-87.6831250,18.9720266414
42.171339023,-87.3170001245,42.0585320,-87.6831250,20.3377192326
42.171339023,-87.2880001245,42.0585320,-87.6831250,21.7194724864
42.171339023,-87.2590001245,42.0585320,-87.6831250,23.114406317
42.171339023,-87.2300001245,42.0585320,-87.6831250,24.5202713381
42.142339023,-88.4190001245,42.1364590,-88.4294480,0.672105590994
42.142339023,-88.3900001245,42.1364590,-88.4294480,2.0618789149
42.142339023,-88.3610001245,42.1452190,-88.3383630,1.17679515632
42.142339023,-88.3320001245,42.1452190,-88.3383630,0.381951416809
42.142339023,-88.3030001245,42.1452190,-88.3383630,1.82276488979
42.142339023,-88.2740001245,42.1617140,-88.2741220,1.33882546573
42.142339023,-88.2450001245,42.1617140,-88.2741220,2.00440089211
42.142339023,-88.2160001245,42.1127280,-88.2416630,2.43254689914
42.142339023,-88.1870001245,42.1551440,-88.1534180,1.93456728933
42.142339023,-88.1580001245,42.1551440,-88.1534180,0.915430991996
42.142339023,-88.1290001245,42.1308960,-88.1296570,0.79142915704
42.142339023,-88.1000001245,42.1308960,-88.1296570,1.7132403613
42.142339023,-88.0710001245,42.1584560,-88.0451720,1.72939046728
42.142339023,-88.0420001245,42.1391660,-88.0353750,0.40412880446
42.142339023,-88.0130001245,42.1402120,-88.0138100,0.152723423142
42.142339023,-87.9840001245,42.1399300,-87.9859940,0.195315961857
42.142339023,-87.9550001245,42.1407100,-87.9600770,0.283449536988
42.142339023,-87.9260001245,42.1395560,-87.9305000,0.300247075828
42.142339023,-87.8970001245,42.1392720,-87.9077780,0.591539807369
42.142339023,-87.8680001245,42.1387630,-87.8567940,0.625131541796
42.142339023,-87.8390001245,42.1517670,-87.8372690,0.657482183576
42.142339023,-87.8100001245,42.1499620,-87.8176710,0.65719969986
42.142339023,-87.7810001245,42.1394450,-87.7927410,0.633981367403
42.142339023,-87.7520001245,42.1342880,-87.7590360,0.662946922602
42.142339023,-87.7230001245,42.1342880,-87.7590360,1.92864894673
42.142339023,-87.6940001245,42.1079860,-87.7359780,3.20410189572
42.142339023,-87.6650001245,42.0875730,-87.7011840,4.21479516426
42.142339023,-87.6360001245,42.0875730,-87.7011840,5.04932502562
42.142339023,-87.6070001245,42.0875730,-87.7011840,6.1359963988
42.142339023,-87.5780001245,42.0875730,-87.7011840,7.36402091605
42.142339023,-87.5490001245,42.0875730,-87.7011840,8.6735655847
42.142339023,-87.5200001245,42.0875730,-87.7011840,10.0327593167
42.142339023,-87.4910001245,42.0875730,-87.7011840,11.423894376
42.142339023,-87.4620001245,42.0585320,-87.6831250,12.7376984343
42.142339023,-87.4330001245,42.0585320,-87.6831250,14.0791853068
42.142339023,-87.4040001245,42.0585320,-87.6831250,15.4475107769
42.142339023,-87.3750001245,42.0585320,-87.6831250,16.8361323439
42.142339023,-87.3460001245,42.0585320,-87.6831250,18.2404152421
42.142339023,-87.3170001245,42.0585320,-87.6831250,19.6570032534
42.142339023,-87.2880001245,42.0585320,-87.6831250,21.083416194
42.142339023,-87.2590001245,42.0585320,-87.6831250,22.5177870297
42.142339023,-87.2300001245,42.0533320,-87.6811730,23.9530913057
42.113339023,-88.4190001245,42.1364590,-88.4294480,1.68491351809
42.113339023,-88.3900001245,42.1364590,-88.4294480,2.57653882131
42.113339023,-88.3610001245,42.1202060,-88.3376530,1.28733855363
42.113339023,-88.3320001245,42.1199120,-88.3360150,0.498638780408
42.113339023,-88.3030001245,42.1016540,-88.2996570,0.825428383117
42.113339023,-88.2740001245,42.1178730,-88.2689600,0.406078887069
42.113339023,-88.2450001245,42.1127280,-88.2416630,0.176203499899
42.113339023,-88.2160001245,42.1127280,-88.2416630,1.3162268498
42.113339023,-88.1870001245,42.0764790,-88.1975230,2.60358764778
42.113339023,-88.1580001245,42.1308960,-88.1296570,1.89252904546
42.113339023,-88.1290001245,42.1095280,-88.1163810,0.69846906535
42.113339023,-88.1000001245,42.1105500,-88.1135800,0.722349058761
42.113339023,-88.0710001245,42.1046160,-88.0529950,1.10247593865
42.113339023,-88.0420001245,42.1101790,-88.0405490,0.230681923285
42.113339023,-88.0130001245,42.1201600,-88.0334460,1.14910057892
42.113339023,-87.9840001245,42.1130050,-87.9828040,0.0655166237348
42.113339023,-87.9550001245,42.1155560,-87.9396800,0.800118948474
42.113339023,-87.9260001245,42.1112530,-87.9237110,0.185872165113
42.113339023,-87.8970001245,42.1059840,-87.8933720,0.541201084448
42.113339023,-87.8680001245,42.1050960,-87.8489120,1.13231966082
42.113339023,-87.8390001245,42.1046600,-87.8470050,0.726702285345
42.113339023,-87.8100001245,42.1062880,-87.8020270,0.635986112458
42.113339023,-87.7810001245,42.1121780,-87.7777250,0.186076579222
42.113339023,-87.7520001245,42.1079860,-87.7359780,0.90084332775
42.113339023,-87.7230001245,42.1079860,-87.7359780,0.761240590507
42.113339023,-87.6940001245,42.0875730,-87.7011840,1.8181489639
42.113339023,-87.6650001245,42.0875730,-87.7011840,2.57162729384
42.113339023,-87.6360001245,42.0875730,-87.7011840,3.7874070122
42.113339023,-87.6070001245,42.0875730,-87.7011840,5.14773935508
42.113339023,-87.5780001245,42.0875730,-87.7011840,6.56335072305
42.113339023,-87.5490001245,42.0585320,-87.6831250,7.8547724
42.113339023,-87.5200001245,42.0585320,-87.6831250,9.18635120992
42.113339023,-87.4910001245,42.0585320,-87.6831250,10.5597481243
42.113339023,-87.4620001245,42.0585320,-87.6831250,11.9605662553
42.113339023,-87.4330001245,42.0585320,-87.6831250,13.3801959121
42.113339023,-87.4040001245,42.0585320,-87.6831250,14.8132296595
42.113339023,-87.3750001245,42.0533320,-87.6811730,16.2479589795
42.113339023,-87.3460001245,42.0533320,-87.6811730,17.6907760728
42.113339023,-87.3170001245,42.0142160,-87.6638480,19.07979026
42.113339023,-87.2880001245,42.0142160,-87.6638480,20.4764470623
42.113339023,-87.2590001245,42.0142160,-87.6638480,21.8852732021
42.113339023,-87.2300001245,42.0142160,-87.6638480,23.3040617247
42.084339023,-88.4190001245,42.1014770,-88.4481130,1.90538100899
42.084339023,-88.3900001245,42.0437560,-88.3748110,2.9106044797
42.084339023,-88.3610001245,42.0742400,-88.3338430,1.5580165462
42.084339023,-88.3320001245,42.0742400,-88.3338430,0.704215676758
42.084339023,-88.3030001245,42.0935410,-88.2868540,1.04393812658
42.084339023,-88.2740001245,42.0935410,-88.2868540,0.915837622322
42.084339023,-88.2450001245,42.0955850,-88.2582400,1.03188148321
42.084339023,-88.2160001245,42.0764790,-88.1975230,1.09232729508
42.084339023,-88.1870001245,42.0764790,-88.1975230,0.765706652233
42.084339023,-88.1580001245,42.0677090,-88.1676220,1.25065792007
42.084339023,-88.1290001245,42.0593590,-88.1369660,1.77384369895
42.084339023,-88.1000001245,42.1095280,-88.1163810,1.93255236985
42.084339023,-88.0710001245,42.0881820,-88.0606360,0.594144765176
42.084339023,-88.0420001245,42.0842010,-88.0502950,0.425516293061
42.084339023,-88.0130001245,42.0780630,-88.0181140,0.506824324043
42.084339023,-87.9840001245,42.0841720,-87.9852540,0.0653335225833
42.084339023,-87.9550001245,42.0968510,-87.9567180,0.869053176875
42.084339023,-87.9260001245,42.0875310,-87.9290370,0.270007914312
42.084339023,-87.8970001245,42.0883360,-87.8718990,1.31654390152
42.084339023,-87.8680001245,42.0883360,-87.8718990,0.340967906808
42.084339023,-87.8390001245,42.0904440,-87.8248850,0.837792865098
42.084339023,-87.8100001245,42.0894890,-87.8101250,0.355921024698
42.084339023,-87.7810001245,42.0806290,-87.7979830,0.90797258222
42.084339023,-87.7520001245,42.0812960,-87.7564600,0.310702627103
42.084339023,-87.7230001245,42.0795420,-87.7226050,0.332093218516
42.084339023,-87.6940001245,42.0875730,-87.7011840,0.430888311129
42.084339023,-87.6650001245,42.0875730,-87.7011840,1.86902809506
42.084339023,-87.6360001245,42.0585320,-87.6831250,3.00430743034
42.084339023,-87.6070001245,42.0585320,-87.6831250,4.29354909481
42.084339023,-87.5780001245,42.0585320,-87.6831250,5.68074795463
42.084339023,-87.5490001245,42.0585320,-87.6831250,7.10878777425
42.084339023,-87.5200001245,42.0533320,-87.6811730,8.5429464442
42.084339023,-87.4910001245,42.0533320,-87.6811730,9.99037196913
42.084339023,-87.4620001245,42.0142160,-87.6638480,11.4401794817
42.084339023,-87.4330001245,42.0142160,-87.6638480,12.8044968661
42.084339023,-87.4040001245,42.0142160,-87.6638480,14.1938854551
42.084339023,-87.3750001245,42.0142160,-87.6638480,15.601648616
42.084339023,-87.3460001245,42.0142160,-87.6638480,17.0232284148
42.084339023,-87.3170001245,42.0142160,-87.6638480,18.4554323355
42.084339023,-87.2880001245,42.0142160,-87.6638480,19.8959661897
42.084339023,-87.2590001245,42.0142160,-87.6638480,21.3431433827
42.084339023,-87.2300001245,42.0142160,-87.6638480,22.7956986994
42.055339023,-88.4190001245,42.0285860,-88.4317500,1.96106239756
42.055339023,-88.3900001245,42.0437560,-88.3748110,1.11723437664
42.055339023,-88.3610001245,42.0437560,-88.3748110,1.06908851053
42.055339023,-88.3320001245,42.0625860,-88.3151940,0.997081449145
42.055339023,-88.3030001245,42.0534300,-88.2962930,0.368562561615
42.055339023,-88.2740001245,42.0541680,-88.2675490,0.340754681725
42.055339023,-88.2450001245,42.0476440,-88.2529270,0.669473480094
42.055339023,-88.2160001245,42.0764790,-88.1975230,1.74127751297
42.055339023,-88.1870001245,42.0677090,-88.1676220,1.31103813527
42.055339023,-88.1580001245,42.0677090,-88.1676220,0.987045508599
42.055339023,-88.1290001245,42.0593590,-88.1369660,0.494160488408
42.055339023,-88.1000001245,42.0497500,-88.1003000,0.386507919422
42.055339023,-88.0710001245,42.0539320,-88.0802060,0.482258083989
42.055339023,-88.0420001245,42.0543180,-88.0527900,0.558105407793
42.055339023,-88.0130001245,42.0583130,-88.0066070,0.387068135326
42.055339023,-87.9840001245,42.0522360,-87.9820930,0.235693836688
42.055339023,-87.9550001245,42.0481330,-87.9607110,0.577772164299
42.055339023,-87.9260001245,42.0591570,-87.9265810,0.265500175763
42.055339023,-87.8970001245,42.0454750,-87.8948830,0.690208421023
42.055339023,-87.8680001245,42.0543430,-87.8521840,0.814437575892
42.055339023,-87.8390001245,42.0547470,-87.8384620,0.0493547762949
42.055339023,-87.8100001245,42.0520700,-87.7998560,0.567415025033
42.055339023,-87.7810001245,42.0410280,-87.7795320,0.991757866507
42.055339023,-87.7520001245,42.0525770,-87.7472450,0.309770850135
42.055339023,-87.7230001245,42.0638740,-87.7132000,0.774984481302
42.055339023,-87.6940001245,42.0557610,-87.6968740,0.150310416001
42.055339023,-87.6650001245,42.0533320,-87.6811730,0.841351262914
42.055339023,-87.6360001245,42.0473410,-87.6793180,2.2905550201
42.055339023,-87.6070001245,42.0473410,-87.6793180,3.75196113363
42.055339023,-87.5780001245,42.0473410,-87.6793180,5.22847735294
42.055339023,-87.5490001245,42.0142160,-87.6638480,6.54553958666
42.055339023,-87.5200001245,42.0142160,-87.6638480,7.9132856129
42.055339023,-87.4910001245,42.0142160,-87.6638480,9.31825631782
42.055339023,-87.4620001245,42.0142160,-87.6638480,10.7458607529
42.055339023,-87.4330001245,42.0142160,-87.6638480,12.1881482079
42.055339023,-87.4040001245,42.0142160,-87.6638480,13.6404619079
42.055339023,-87.3750001245,42.0142160,-87.6638480,15.0999091482
42.055339023,-87.3460001245,42.0142160,-87.6638480,16.5646045051
42.055339023,-87.3170001245,42.0142160,-87.6638480,18.0332692388
42.055339023,-87.2880001245,42.0142160,-87.6638480,19.5050067257
42.055339023,-87.2590001245,42.0142160,-87.6638480,20.9791702935
42.055339023,-87.2300001245,41.9600650,-87.6475520,22.4436085523
42.026339023,-88.4190001245,42.0285860,-88.4317500,0.6726262228
42.026339023,-88.3900001245,42.0437560,-88.3748110,1.43388886857
42.026339023,-88.3610001245,42.0273160,-88.3369320,1.2373021983
42.026339023,-88.3320001245,42.0273160,-88.3369320,0.26200838784
42.026339023,-88.3030001245,42.0260270,-88.3062810,0.169791022989
42.026339023,-88.2740001245,42.0285470,-88.2770560,0.218822225758
42.026339023,-88.2450001245,42.0243680,-88.2472270,0.177813578226
42.026339023,-88.2160001245,42.0155870,-88.2042690,0.956425788023
42.026339023,-88.1870001245,42.0220110,-88.1827620,0.369833434983
42.026339023,-88.1580001245,42.0310620,-88.1547050,0.367581088528
42.026339023,-88.1290001245,42.0244480,-88.1360840,0.386408665326
42.026339023,-88.1000001245,42.0241040,-88.0830250,0.884986936703
42.026339023,-88.0710001245,42.0237890,-88.0801160,0.500035195163
42.026339023,-88.0420001245,42.0276670,-88.0594320,0.899496770068
42.026339023,-88.0130001245,42.0271360,-87.9864390,1.36454480499
42.026339023,-87.9840001245,42.0271360,-87.9864390,0.13676949239
42.026339023,-87.9550001245,42.0314820,-87.9466350,0.557361611874
42.026339023,-87.9260001245,42.0216390,-87.9236230,0.346941791976
42.026339023,-87.8970001245,42.0257310,-87.8953290,0.0955200797781
42.026339023,-87.8680001245,42.0334330,-87.8646940,0.518734649263
42.026339023,-87.8390001245,42.0258220,-87.8307630,0.424342620278
42.026339023,-87.8100001245,42.0246970,-87.8123340,0.165008231381
42.026339023,-87.7810001245,42.0252890,-87.7837130,0.157029023733
42.026339023,-87.7520001245,42.0256050,-87.7484620,0.18857238842
42.026339023,-87.7230001245,42.0277010,-87.7186840,0.240713267347
42.026339023,-87.6940001245,42.0336910,-87.6989560,0.568145390173
42.026339023,-87.6650001245,42.0201510,-87.6731930,0.599784431497
42.026339023,-87.6360001245,42.0142160,-87.6638480,1.65710558787
42.026339023,-87.6070001245,42.0142160,-87.6638480,3.03653864334
42.026339023,-87.5780001245,42.0142160,-87.6638480,4.4865293756
42.026339023,-87.5490001245,42.0142160,-87.6638480,5.95576490859
42.026339023,-87.5200001245,42.0142160,-87.6638480,7.4328417417
42.026339023,-87.4910001245,42.0142160,-87.6638480,8.91386268519
42.026339023,-87.4620001245,42.0142160,-87.6638480,10.3971424193
42.026339023,-87.4330001245,41.9951830,-87.6602330,11.8670733798
42.026339023,-87.4040001245,41.9600650,-87.6475520,13.3267165101
42.026339023,-87.3750001245,41.9600650,-87.6475520,14.7350634704
42.026339023,-87.3460001245,41.9600650,-87.6475520,16.1580994166
42.026339023,-87.3170001245,41.9600650,-87.6475520,17.5922601384
42.026339023,-87.2880001245,41.9396530,-87.6389140,19.0064145948
42.026339023,-87.2590001245,41.9396530,-87.6389140,20.4265240796
42.026339023,-87.2300001245,41.9396530,-87.6389140,21.856033027
41.997339023,-88.4190001245,42.0285860,-88.4317500,2.25617303504
41.997339023,-88.3900001245,41.9894340,-88.3417240,2.53902795995
41.997339023,-88.3610001245,41.9894340,-88.3417240,1.1307550151
41.997339023,-88.3320001245,41.9955640,-88.3305140,0.144462095192
41.997339023,-88.3030001245,41.9954730,-88.3144030,0.599649908743
41.997339023,-88.2740001245,41.9954730,-88.3144030,2.07899136444
41.997339023,-88.2450001245,42.0243680,-88.2472270,1.87119741861
41.997339023,-88.2160001245,41.9930200,-88.2046930,0.652926931859
41.997339023,-88.1870001245,41.9950280,-88.1856300,0.174507576321
41.997339023,-88.1580001245,41.9919910,-88.1595440,0.377959690435
41.997339023,-88.1290001245,42.0042310,-88.1208730,0.633218390051
41.997339023,-88.1000001245,42.0018990,-88.0922600,0.507217166015
41.997339023,-88.0710001245,42.0061630,-88.0786230,0.724564069745
41.997339023,-88.0420001245,41.9977800,-88.0449320,0.153620633718
41.997339023,-88.0130001245,42.0015300,-88.0055110,0.481427424239
41.997339023,-87.9840001245,41.9939610,-87.9803330,0.29992831786
41.997339023,-87.9550001245,41.9981350,-87.9502330,0.250919624745
41.997339023,-87.9260001245,42.0026230,-87.9422800,0.912254965739
41.997339023,-87.8970001245,41.9893920,-87.8832510,0.894569597061
41.997339023,-87.8680001245,41.9906280,-87.8611370,0.582497156715
41.997339023,-87.8390001245,41.9967560,-87.8340380,0.258001759019
41.997339023,-87.8100001245,41.9930290,-87.8107560,0.300342122636
41.997339023,-87.7810001245,41.9963020,-87.7887350,0.403649877143
41.997339023,-87.7520001245,41.9904420,-87.7488070,0.504013692859
41.997339023,-87.7230001245,41.9981440,-87.7244910,0.0946367833055
41.997339023,-87.6940001245,41.9977500,-87.6952620,0.0707536951321
41.997339023,-87.6650001245,41.9981960,-87.6670640,0.121411403744
41.997339023,-87.6360001245,41.9951830,-87.6602330,1.25342987399
41.997339023,-87.6070001245,41.9951830,-87.6602330,2.73797379409
41.997339023,-87.5780001245,41.9951830,-87.6602330,4.22591747854
41.997339023,-87.5490001245,41.9600650,-87.6475520,5.68153995793
41.997339023,-87.5200001245,41.9600650,-87.6475520,7.04228834341
41.997339023,-87.4910001245,41.9600650,-87.6475520,8.44684039588
41.997339023,-87.4620001245,41.9600650,-87.6475520,9.87652565322
41.997339023,-87.4330001245,41.9396530,-87.6389140,11.3101844908
41.997339023,-87.4040001245,41.9396530,-87.6389140,12.7160664535
41.997339023,-87.3750001245,41.9396530,-87.6389140,14.1393289219
41.997339023,-87.3460001245,41.9396530,-87.6389140,15.5752079329
41.997339023,-87.3170001245,41.8993950,-87.6195090,16.9677157593
41.997339023,-87.2880001245,41.8993950,-87.6195090,18.3451847629
41.997339023,-87.2590001245,41.8993950,-87.6195090,19.7392513361
41.997339023,-87.2300001245,41.8993950,-87.6195090,21.1466332086
41.968339023,-88.4190001245,41.9624260,-88.4223460,0.443287544312
41.968339023,-88.3900001245,41.9624260,-88.4223460,1.71154975595
41.968339023,-88.3610001245,41.9715290,-88.3413250,1.03459873404
41.968339023,-88.3320001245,41.9696760,-88.3405900,0.45089880536
41.968339023,-88.3030001245,41.9625870,-88.2736670,1.55877803531
41.968339023,-88.2740001245,41.9625870,-88.2736670,0.397833205528
41.968339023,-88.2450001245,41.9502680,-88.2490730,1.26613039484
41.968339023,-88.2160001245,41.9742510,-88.2049980,0.697403033952
41.968339023,-88.1870001245,41.9714540,-88.1843280,0.255299083092
41.968339023,-88.1580001245,41.9576610,-88.1711790,1.00153506838
41.968339023,-88.1290001245,41.9769960,-88.1300110,0.600447015456
41.968339023,-88.1000001245,41.9696330,-88.1005490,0.0937554578553
41.968339023,-88.0710001245,41.9562150,-88.0740340,0.852153693569
41.968339023,-88.0420001245,41.9497950,-88.0420680,1.28139673765
41.968339023,-88.0130001245,41.9655020,-87.9956030,0.915136614445
41.968339023,-87.9840001245,41.9654090,-87.9898890,0.364069839002
41.968339023,-87.9550001245,41.9716380,-87.9470810,0.466368050511
41.968339023,-87.9260001245,41.9722470,-87.9399860,0.767608912129
41.968339023,-87.8970001245,41.9768700,-87.9057980,0.74281533069
41.968339023,-87.8680001245,41.9712200,-87.8644380,0.27041488355
41.968339023,-87.8390001245,41.9676270,-87.8368650,0.120230446794
41.968339023,-87.8100001245,41.9666860,-87.8062540,0.223819199726
41.968339023,-87.7810001245,41.9681320,-87.7879450,0.357110935113
41.968339023,-87.7520001245,41.9724020,-87.7469340,0.382839293481
41.968339023,-87.7230001245,41.9685950,-87.7202290,0.143472491245
41.968339023,-87.6940001245,41.9683100,-87.6931840,0.0419798904486
41.968339023,-87.6650001245,41.9712590,-87.6595790,0.343926260418
41.968339023,-87.6360001245,41.9600650,-87.6475520,0.824164789447
41.968339023,-87.6070001245,41.9600650,-87.6475520,2.16081007673
41.968339023,-87.5780001245,41.9600650,-87.6475520,3.61943524859
41.968339023,-87.5490001245,41.9396530,-87.6389140,5.0289286637
41.968339023,-87.5200001245,41.9396530,-87.6389140,6.42583709916
41.968339023,-87.4910001245,41.9396530,-87.6389140,7.85727973434
41.968339023,-87.4620001245,41.9396530,-87.6389140,9.30733639129
41.968339023,-87.4330001245,41.8993950,-87.6195090,10.7108779364
41.968339023,-87.4040001245,41.8993950,-87.6195090,12.0650768067
41.968339023,-87.3750001245,41.8993950,-87.6195090,13.4483851805
41.968339023,-87.3460001245,41.8993950,-87.6195090,14.8526719146
41.968339023,-87.3170001245,41.8947330,-87.6174420,16.2697688388
41.968339023,-87.2880001245,41.8947330,-87.6174420,17.6928712851
41.968339023,-87.2590001245,41.8947330,-87.6174420,19.126433896
41.968339023,-87.2300001245,41.8947330,-87.6174420,20.5682696371
41.939339023,-88.4190001245,41.9624260,-88.4223460,1.60454744355
41.939339023,-88.3900001245,41.9624260,-88.4223460,2.30379496023
41.939339023,-88.3610001245,41.9141780,-88.3342600,2.21666534418
41.939339023,-88.3320001245,41.9141780,-88.3342600,1.74250607679
41.939339023,-88.3030001245,41.9245920,-88.2732260,1.83897389429
41.939339023,-88.2740001245,41.9245920,-88.2732260,1.01979628154
41.939339023,-88.2450001245,41.9502680,-88.2490730,0.783664921744
41.939339023,-88.2160001245,41.9502680,-88.2490730,1.85995877654
41.939339023,-88.1870001245,41.9576610,-88.1711790,1.50461715531
41.939339023,-88.1580001245,41.9409450,-88.1537570,0.244711618949
41.939339023,-88.1290001245,41.9375350,-88.1200070,0.478796663903
41.939339023,-88.1000001245,41.9462000,-88.1153570,0.920738599487
41.939339023,-88.0710001245,41.9370300,-88.0783570,0.410457357282
41.939339023,-88.0420001245,41.9497950,-88.0420680,0.72251643203
41.939339023,-88.0130001245,41.9397770,-88.0055660,0.383328169193
41.939339023,-87.9840001245,41.9341970,-87.9915840,0.527485785032
41.939339023,-87.9550001245,41.9310780,-87.9485900,0.659129332794
41.939339023,-87.9260001245,41.9324950,-87.9378720,0.772098549056
41.939339023,-87.8970001245,41.9323700,-87.8930240,0.523145614353
41.939339023,-87.8680001245,41.9360290,-87.8682650,0.229127517062
41.939339023,-87.8390001245,41.9366720,-87.8360860,0.237493951429
41.939339023,-87.8100001245,41.9386790,-87.8071080,0.155503111551
41.939339023,-87.7810001245,41.9381490,-87.7797540,0.104235129361
41.939339023,-87.7520001245,41.9371040,-87.7469910,0.300256044255
41.939339023,-87.7230001245,41.9375030,-87.7210050,0.163137639751
41.939339023,-87.6940001245,41.9387530,-87.6979440,0.20673252822
41.939339023,-87.6650001245,41.9416620,-87.6693170,0.273864163927
41.939339023,-87.6360001245,41.9396530,-87.6389140,0.151343563159
41.939339023,-87.6070001245,41.9396530,-87.6389140,1.64059542827
41.939339023,-87.5780001245,41.9396530,-87.6389140,3.13119870382
41.939339023,-87.5490001245,41.8993950,-87.6195090,4.55748609585
41.939339023,-87.5200001245,41.8993950,-87.6195090,5.81503207095
41.939339023,-87.4910001245,41.8993950,-87.6195090,7.1629833091
41.939339023,-87.4620001245,41.8993950,-87.6195090,8.55873093482
41.939339023,-87.4330001245,41.8947330,-87.6174420,9.97556923672
41.939339023,-87.4040001245,41.8947330,-87.6174420,11.4036154684
41.939339023,-87.3750001245,41.8947330,-87.6174420,12.8461423364
41.939339023,-87.3460001245,41.8947330,-87.6174420,14.2987678884
41.939339023,-87.3170001245,41.8663530,-87.6067130,15.7389730464
41.939339023,-87.2880001245,41.8663530,-87.6067130,17.1593283825
41.939339023,-87.2590001245,41.8663530,-87.6067130,18.5909721562
41.939339023,-87.2300001245,41.8663530,-87.6067130,20.0314841705
41.910339023,-88.4190001245,41.9055350,-88.4000300,1.03056062547
41.910339023,-88.3900001245,41.9055350,-88.4000300,0.613419058138
41.910339023,-88.3610001245,41.9093500,-88.3429290,0.931851051065
41.910339023,-88.3320001245,41.9141780,-88.3342600,0.289611105231
41.910339023,-88.3030001245,41.9106740,-88.3143250,0.582850772075
41.910339023,-88.2740001245,41.9081580,-88.2653910,0.467695974485
41.910339023,-88.2450001245,41.8983280,-88.2394770,0.877235043292
41.910339023,-88.2160001245,41.8997840,-88.2227700,0.808208956046
41.910339023,-88.1870001245,41.9130900,-88.1918240,0.312522146022
41.910339023,-88.1580001245,41.9218820,-88.1649100,0.873168735763
41.910339023,-88.1290001245,41.9125290,-88.1347930,0.334127574576
41.910339023,-88.1000001245,41.9172740,-88.1039810,0.521095753056
41.910339023,-88.0710001245,41.9043850,-88.0664870,0.472383078515
41.910339023,-88.0420001245,41.9100100,-88.0317930,0.525407309022
41.910339023,-88.0130001245,41.9045190,-88.0036040,0.628701895083
41.910339023,-87.9840001245,41.9068640,-87.9872620,0.292918403709
41.910339023,-87.9550001245,41.9022830,-87.9645770,0.743304434778
41.910339023,-87.9260001245,41.9095620,-87.9176520,0.432661071153
41.910339023,-87.8970001245,41.9105240,-87.8891240,0.405238717627
41.910339023,-87.8680001245,41.9095210,-87.8655240,0.139321020302
41.910339023,-87.8390001245,41.9087810,-87.8367370,0.158544492057
41.910339023,-87.8100001245,41.9084370,-87.8127010,0.191224702721
41.910339023,-87.7810001245,41.9089930,-87.7813810,0.0950503001958
41.910339023,-87.7520001245,41.9094840,-87.7471140,0.258130080805
41.910339023,-87.7230001245,41.9102180,-87.7232920,0.0171824319494
41.910339023,-87.6940001245,41.9099300,-87.6951410,0.0651239376726
41.910339023,-87.6650001245,41.9103700,-87.6621520,0.146483465809
41.910339023,-87.6360001245,41.9095860,-87.6348100,0.0803335280497
41.910339023,-87.6070001245,41.8993950,-87.6195090,0.992895299855
41.910339023,-87.5780001245,41.8993950,-87.6195090,2.26497962305
41.910339023,-87.5490001245,41.8947330,-87.6174420,3.6820135659
41.910339023,-87.5200001245,41.8947330,-87.6174420,5.1269714223
41.910339023,-87.4910001245,41.8850430,-87.6145500,6.59216717778
41.910339023,-87.4620001245,41.8850430,-87.6145500,8.04044866857
41.910339023,-87.4330001245,41.8663530,-87.6067130,9.44210108753
41.910339023,-87.4040001245,41.8663530,-87.6067130,10.8656744925
41.910339023,-87.3750001245,41.8663530,-87.6067130,12.3055641316
41.910339023,-87.3460001245,41.8663530,-87.6067130,13.7566475642
41.910339023,-87.3170001245,41.8663530,-87.6067130,15.2157225593
41.910339023,-87.2880001245,41.8663530,-87.6067130,16.6806921614
41.910339023,-87.2590001245,41.8663530,-87.6067130,18.1501290948
41.910339023,-87.2300001245,41.6582830,-87.0627330,19.440444608
41.881339023,-88.4190001245,41.9055350,-88.4000300,1.93578128497
41.881339023,-88.3900001245,41.8736700,-88.3802650,0.729213899231
41.881339023,-88.3610001245,41.8736700,-88.3802650,1.1240431989
41.881339023,-88.3320001245,41.8925170,-88.3417490,0.920916740278
41.881339023,-88.3030001245,41.8850120,-88.3092210,0.408463950288
41.881339023,-88.2740001245,41.8879650,-88.2875170,0.832563319499
41.881339023,-88.2450001245,41.8983280,-88.2394770,1.20782286483
41.881339023,-88.2160001245,41.8772240,-88.2212170,0.391030083951
41.881339023,-88.1870001245,41.8825870,-88.1948090,0.410905247149
41.881339023,-88.1580001245,41.8868500,-88.1511070,0.520353917167
41.881339023,-88.1290001245,41.8900950,-88.1318520,0.622570496613
41.881339023,-88.1000001245,41.8865140,-88.1065450,0.491161994261
41.881339023,-88.0710001245,41.8764920,-88.0691130,0.348720256529
41.881339023,-88.0420001245,41.8801860,-88.0174290,1.26670154503
41.881339023,-88.0130001245,41.8801860,-88.0174290,0.241394741076
41.881339023,-87.9840001245,41.8763360,-87.9830960,0.348824853045
41.881339023,-87.9550001245,41.8799320,-87.9612220,0.334557861254
41.881339023,-87.9260001245,41.8814000,-87.9130000,0.668861741522
41.881339023,-87.8970001245,41.8772150,-87.9047700,0.490951285108
41.881339023,-87.8680001245,41.8782990,-87.8705720,0.248270437804
41.881339023,-87.8390001245,41.8791130,-87.8358060,0.225095999001
41.881339023,-87.8100001245,41.8873070,-87.8065320,0.44932796685
41.881339023,-87.7810001245,41.8800420,-87.7862350,0.283857118474
41.881339023,-87.7520001245,41.8805650,-87.7521490,0.0540306799397
41.881339023,-87.7230001245,41.8806440,-87.7223200,0.0594219960142
41.881339023,-87.6940001245,41.8813380,-87.6957550,0.0902873885038
41.881339023,-87.6650001245,41.8857990,-87.6591920,0.4292567952
41.881339023,-87.6360001245,41.8795760,-87.6343790,0.147642267669
41.881339023,-87.6070001245,41.8850430,-87.6145500,0.465159594524
41.881339023,-87.5780001245,41.8663530,-87.6067130,1.80434350498
41.881339023,-87.5490001245,41.8663530,-87.6067130,3.14534239362
41.881339023,-87.5200001245,41.8663530,-87.6067130,4.58095178436
41.881339023,-87.4910001245,41.8663530,-87.6067130,6.04412747355
41.881339023,-87.4620001245,41.8663530,-87.6067130,7.51879323899
41.881339023,-87.4330001245,41.8663530,-87.6067130,8.99930240703
41.881339023,-87.4040001245,41.8663530,-87.6067130,10.4831795293
41.881339023,-87.3750001245,41.8663530,-87.6067130,11.9691720459
41.881339023,-87.3460001245,41.8026700,-87.5847740,13.4475929761
41.881339023,-87.3170001245,41.8026700,-87.5847740,14.8262690109
41.881339023,-87.2880001245,41.7616500,-87.5566900,16.1312855732
41.881339023,-87.2590001245,41.7517390,-87.5483100,17.3969832285
41.881339023,-87.2300001245,41.6582830,-87.0627330,17.6675511561
41.852339023,-88.4190001245,41.8736700,-88.3802650,2.47895023512
41.852339023,-88.3900001245,41.8736700,-88.3802650,1.55676482283
41.852339023,-88.3610001245,41.8482370,-88.3425290,0.992171577868
41.852339023,-88.3320001245,41.8533400,-88.3412420,0.480699815906
41.852339023,-88.3030001245,41.8496910,-88.3030010,0.18297839485
41.852339023,-88.2740001245,41.8621400,-88.2757960,0.683525044084
41.852339023,-88.2450001245,41.8621400,-88.2757960,1.72354067216
41.852339023,-88.2160001245,41.8658160,-88.2029160,1.14918347741
41.852339023,-88.1870001245,41.8658160,-88.2029160,1.24020386772
41.852339023,-88.1580001245,41.8606600,-88.1403700,1.07419351225
41.852339023,-88.1290001245,41.8606600,-88.1403700,0.82037620298
41.852339023,-88.1000001245,41.8310370,-88.0994370,1.47225533929
41.852339023,-88.0710001245,41.8596940,-88.0705500,0.508756633508
41.852339023,-88.0420001245,41.8595950,-88.0507790,0.67493179213
41.852339023,-88.0130001245,41.8600460,-88.0151900,0.544347551321
41.852339023,-87.9840001245,41.8483050,-87.9861100,0.299161848729
41.852339023,-87.9550001245,41.8479550,-87.9598320,0.391963495503
41.852339023,-87.9260001245,41.8528420,-87.9013430,1.26963650915
41.852339023,-87.8970001245,41.8528420,-87.9013430,0.226223882426
41.852339023,-87.8680001245,41.8552720,-87.8665950,0.215186263272
41.852339023,-87.8390001245,41.8499430,-87.8442110,0.315211425457
41.852339023,-87.8100001245,41.8538190,-87.8048830,0.282543584023
41.852339023,-87.7810001245,41.8505220,-87.7819690,0.135098523653
41.852339023,-87.7520001245,41.8515940,-87.7475330,0.235630598604
41.852339023,-87.7230001245,41.8517630,-87.7245980,0.0913728601136
41.852339023,-87.6940001245,41.8529370,-87.6896850,0.225920187563
41.852339023,-87.6650001245,41.8541890,-87.6683490,0.214599910643
41.852339023,-87.6360001245,41.8526710,-87.6325540,0.178857852211
41.852339023,-87.6070001245,41.8541670,-87.6185310,0.606801644343
41.852339023,-87.5780001245,41.8663530,-87.6067130,1.76665128707
41.852339023,-87.5490001245,41.8663530,-87.6067130,3.12387260612
41.852339023,-87.5200001245,41.8663530,-87.6067130,4.56623702152
41.852339023,-87.4910001245,41.8026700,-87.5847740,5.92568150245
41.852339023,-87.4620001245,41.8026700,-87.5847740,7.19567610305
41.852339023,-87.4330001245,41.8026700,-87.5847740,8.53844812693
41.852339023,-87.4040001245,41.8026700,-87.5847740,9.92450133644
41.852339023,-87.3750001245,41.7616500,-87.5566900,11.2685308049
41.852339023,-87.3460001245,41.7517390,-87.5483100,12.5341036951
41.852339023,-87.3170001245,41.7517390,-87.5483100,13.8030879128
41.852339023,-87.2880001245,41.7517390,-87.5483100,15.1134740638
41.852339023,-87.2590001245,41.7517390,-87.5483100,16.4553742736
41.852339023,-87.2300001245,41.6582830,-87.0627330,15.9494536449
41.823339023,-88.4190001245,41.8151680,-88.3902870,1.58292466097
41.823339023,-88.3900001245,41.8151680,-88.3902870,0.564810969632
41.823339023,-88.3610001245,41.8088760,-88.3515640,1.11131389855
41.823339023,-88.3320001245,41.8112460,-88.3181960,1.09717126746
41.823339023,-88.3030001245,41.8112460,-88.3181960,1.14492615017
41.823339023,-88.2740001245,41.8157220,-88.2831930,0.707946447345
41.823339023,-88.2450001245,41.8157220,-88.2831930,2.03621963865
41.823339023,-88.2160001245,41.8250020,-88.2020540,0.727287839698
41.823339023,-88.1870001245,41.8250020,-88.2020540,0.78366652992
41.823339023,-88.1580001245,41.8097400,-88.1682440,1.07769066081
41.823339023,-88.1290001245,41.8301410,-88.1017470,1.47990276422
41.823339023,-88.1000001245,41.8301410,-88.1017470,0.478545930714
41.823339023,-88.0710001245,41.8300380,-88.0891090,1.04101787246
41.823339023,-88.0420001245,41.8298890,-88.0317520,0.695198374257
41.823339023,-88.0130001245,41.8317930,-88.0201060,0.689289523753
41.823339023,-87.9840001245,41.8113390,-87.9868740,0.842309638484
41.823339023,-87.9550001245,41.8255500,-87.9431700,0.62804996924
41.823339023,-87.9260001245,41.8178960,-87.9240130,0.389787049886
41.823339023,-87.8970001245,41.8339630,-87.8896940,0.82488469656
41.823339023,-87.8680001245,41.8235470,-87.8693590,0.0714370457644
41.823339023,-87.8390001245,41.8215510,-87.8475290,0.456263072313
41.823339023,-87.8100001245,41.8206590,-87.8043360,0.345513713669
41.823339023,-87.7810001245,41.8314380,-87.7801380,0.561397068945
41.823339023,-87.7520001245,41.8288220,-87.7631730,0.68885936063
41.823339023,-87.7230001245,41.8194170,-87.7263960,0.322540193001
41.823339023,-87.6940001245,41.8200430,-87.6942920,0.228250660379
41.823339023,-87.6650001245,41.8260680,-87.6594070,0.344253306196
41.823339023,-87.6360001245,41.8254550,-87.6412350,0.30666722621
41.823339023,-87.6070001245,41.8208720,-87.6145580,0.424911352737
41.823339023,-87.5780001245,41.8162280,-87.5982800,1.15426298073
41.823339023,-87.5490001245,41.8026700,-87.5847740,2.33147739897
41.823339023,-87.5200001245,41.8026700,-87.5847740,3.62949901836
41.823339023,-87.4910001245,41.8026700,-87.5847740,5.03726393107
41.823339023,-87.4620001245,41.7616500,-87.5566900,6.48023486164
41.823339023,-87.4330001245,41.7616500,-87.5566900,7.6694189048
41.823339023,-87.4040001245,41.7517390,-87.5483100,8.93462296284
41.823339023,-87.3750001245,41.7517390,-87.5483100,10.2131388055
41.823339023,-87.3460001245,41.7517390,-87.5483100,11.5437993266
41.823339023,-87.3170001245,41.7517390,-87.5483100,12.9104912138
41.823339023,-87.2880001245,41.7517390,-87.5483100,14.3028894189
41.823339023,-87.2590001245,41.6582830,-87.0627330,15.2564796005
41.823339023,-87.2300001245,41.6582830,-87.0627330,14.3059082099
41.794339023,-88.4190001245,41.8151680,-88.3902870,2.06358690564
41.794339023,-88.3900001245,41.8043320,-88.3723410,1.14204479866
41.794339023,-88.3610001245,41.7907020,-88.3620780,0.257381005053
41.794339023,-88.3320001245,41.8057610,-88.3266460,0.836056517614
41.794339023,-88.3030001245,41.7829590,-88.3199770,1.17627627613
41.794339023,-88.2740001245,41.7961000,-88.2757060,0.150101133958
41.794339023,-88.2450001245,41.7794900,-88.2386110,1.07759621397
41.794339023,-88.2160001245,41.7885520,-88.2155920,0.400435802201
41.794339023,-88.1870001245,41.7918340,-88.1998210,0.682853337728
41.794339023,-88.1580001245,41.7985300,-88.1495670,0.522116208377
41.794339023,-88.1290001245,41.7974050,-88.1225890,0.39239033061
41.794339023,-88.1000001245,41.8019540,-88.1024270,0.540842096396
41.794339023,-88.0710001245,41.7891170,-88.0718650,0.363582899903
41.794339023,-88.0420001245,41.7849710,-88.0369630,0.697424982762
41.794339023,-88.0130001245,41.7950190,-88.0145340,0.0919371600595
41.794339023,-87.9840001245,41.7988570,-87.9786320,0.417061253512
41.794339023,-87.9550001245,41.7936280,-87.9467640,0.427159988258
41.794339023,-87.9260001245,41.8013240,-87.9304980,0.53539578527
41.794339023,-87.8970001245,41.8030030,-87.8897640,0.705238728413
41.794339023,-87.8680001245,41.7959070,-87.8636980,0.246702875698
41.794339023,-87.8390001245,41.7959070,-87.8636980,1.27699369383
41.794339023,-87.8100001245,41.7916550,-87.8006950,0.514038950046
41.794339023,-87.7810001245,41.7940420,-87.7740350,0.359427285537
41.794339023,-87.7520001245,41.7963960,-87.7569390,0.291449101929
41.794339023,-87.7230001245,41.7959420,-87.7234300,0.112957978283
41.794339023,-87.6940001245,41.7937950,-87.6931480,0.0577969235568
41.794339023,-87.6650001245,41.7906260,-87.6642950,0.259129225822
41.794339023,-87.6360001245,41.7870480,-87.6378410,0.512660737953
41.794339023,-87.6070001245,41.7992750,-87.6009120,0.46335533887
41.794339023,-87.5780001245,41.7951120,-87.5851320,0.371287640933
41.794339023,-87.5490001245,41.7951120,-87.5851320,1.86223683459
41.794339023,-87.5200001245,41.7633050,-87.5586040,2.92540944503
41.794339023,-87.4910001245,41.7616500,-87.5566900,4.07030995401
41.794339023,-87.4620001245,41.7517390,-87.5483100,5.33516423282
41.794339023,-87.4330001245,41.7517390,-87.5483100,6.63354584265
41.794339023,-87.4040001245,41.7517390,-87.5483100,8.00089153535
41.794339023,-87.3750001245,41.7517390,-87.5483100,9.40717716071
41.794339023,-87.3460001245,41.7517390,-87.5483100,10.8372543001
41.794339023,-87.3170001245,41.6794330,-87.4947630,12.1333283121
41.794339023,-87.2880001245,41.6461640,-87.4518170,13.2813218535
41.794339023,-87.2590001245,41.5960430,-87.2771550,13.7343382391
41.794339023,-87.2300001245,41.6582830,-87.0627330,12.7657423704
41.765339023,-88.4190001245,41.7654770,-88.3626180,2.90609719964
41.765339023,-88.3900001245,41.7654770,-88.3626180,1.41137822454
41.765339023,-88.3610001245,41.7654770,-88.3626180,0.0839327873936
41.765339023,-88.3320001245,41.7713570,-88.3293890,0.437074730934
41.765339023,-88.3030001245,41.7633160,-88.3019630,0.149663755218
41.765339023,-88.2740001245,41.7627240,-88.2811400,0.409991641924
41.765339023,-88.2450001245,41.7580950,-88.2423470,0.518909319755
41.765339023,-88.2160001245,41.7677590,-88.2087160,0.410986495233
41.765339023,-88.1870001245,41.7656680,-88.1857640,0.0676468026625
41.765339023,-88.1580001245,41.7663650,-88.1491170,0.463309300855
41.765339023,-88.1290001245,41.7580930,-88.1297940,0.502369765459
41.765339023,-88.1000001245,41.7670560,-88.0997150,0.119549785656
41.765339023,-88.0710001245,41.7559430,-88.0727950,0.655824978625
41.765339023,-88.0420001245,41.7718020,-88.0412380,0.448315645639
41.765339023,-88.0130001245,41.7740370,-88.0075840,0.662682034404
41.765339023,-87.9840001245,41.7678930,-87.9735740,0.565606732624
41.765339023,-87.9550001245,41.7723650,-87.9490190,0.575085426891
41.765339023,-87.9260001245,41.7624680,-87.9433380,0.91543634528
41.765339023,-87.8970001245,41.7690570,-87.8893390,0.471075587092
41.765339023,-87.8680001245,41.7767440,-87.8647140,0.806073326584
41.765339023,-87.8390001245,41.7474530,-87.8452480,1.27721232419
41.765339023,-87.8100001245,41.7574900,-87.8093050,0.543549902367
41.765339023,-87.7810001245,41.7739220,-87.7840950,0.614155977787
41.765339023,-87.7520001245,41.7647340,-87.7552200,0.171147444662
41.765339023,-87.7230001245,41.7642070,-87.7205020,0.150660407428
41.765339023,-87.6940001245,41.7646930,-87.6888380,0.269791348168
41.765339023,-87.6650001245,41.7657710,-87.6644180,0.0423230883789
41.765339023,-87.6360001245,41.7659690,-87.6296800,0.328648929871
41.765339023,-87.6070001245,41.7658000,-87.6149700,0.412019229983
41.765339023,-87.5780001245,41.7659780,-87.5785560,0.0526345643997
41.765339023,-87.5490001245,41.7616500,-87.5566900,0.471271528117
41.765339023,-87.5200001245,41.7517390,-87.5483100,1.73586438087
41.765339023,-87.4910001245,41.7517390,-87.5483100,3.10038940891
41.765339023,-87.4620001245,41.7517390,-87.5483100,4.54774512078
41.765339023,-87.4330001245,41.7517390,-87.5483100,6.01846647734
41.765339023,-87.4040001245,41.7517390,-87.5483100,7.49881815041
41.765339023,-87.3750001245,41.6794330,-87.4947630,8.569953441
41.765339023,-87.3460001245,41.6779460,-87.4931350,9.70244317735
41.765339023,-87.3170001245,41.6461640,-87.4518170,10.783350186
41.765339023,-87.2880001245,41.5999200,-87.3156510,11.5194165099
41.765339023,-87.2590001245,41.5960430,-87.2771550,11.7359176773
41.765339023,-87.2300001245,41.6582830,-87.0627330,11.371041168
41.736339023,-88.4190001245,41.7186110,-88.3779260,2.44727621806
41.736339023,-88.3900001245,41.7186110,-88.3779260,1.37422822373
41.736339023,-88.3610001245,41.7228190,-88.3682560,1.00640171172
41.736339023,-88.3320001245,41.7265790,-88.3238670,0.794218345413
41.736339023,-88.3030001245,41.7371090,-88.3037960,0.0671942452529
41.736339023,-88.2740001245,41.7366770,-88.2583730,0.806162443274
41.736339023,-88.2450001245,41.7368100,-88.2512950,0.326226568452
41.736339023,-88.2160001245,41.7310560,-88.2046730,0.688831663364
41.736339023,-88.1870001245,41.7312360,-88.1974280,0.643065281771
41.736339023,-88.1580001245,41.7463880,-88.1679970,0.86476906941
41.736339023,-88.1290001245,41.7356460,-88.1294060,0.0522618235979
41.736339023,-88.1000001245,41.7482160,-88.0979170,0.827696488089
41.736339023,-88.0710001245,41.7559430,-88.0727950,1.35779106895
41.736339023,-88.0420001245,41.7284660,-88.0324870,0.732575034459
41.736339023,-88.0130001245,41.7284660,-88.0324870,1.14278423838
41.736339023,-87.9840001245,41.7376070,-87.9741030,0.517811608838
41.736339023,-87.9550001245,41.7390970,-87.9379840,0.897874065208
41.736339023,-87.9260001245,41.7390970,-87.9379840,0.646654264204
41.736339023,-87.8970001245,41.7390970,-87.9379840,2.12185955453
41.736339023,-87.8680001245,41.7474530,-87.8452480,1.40206756709
41.736339023,-87.8390001245,41.7474530,-87.8452480,0.832796232691
41.736339023,-87.8100001245,41.7317630,-87.8147640,0.400423461533
41.736339023,-87.7810001245,41.7323290,-87.7801860,0.280255133152
41.736339023,-87.7520001245,41.7325600,-87.7435150,0.50956487499
41.736339023,-87.7230001245,41.7363200,-87.7212760,0.0889159503974
41.736339023,-87.6940001245,41.7319610,-87.6920860,0.318218397835
41.736339023,-87.6650001245,41.7381880,-87.6629180,0.166885268687
41.736339023,-87.6360001245,41.7375720,-87.6283950,0.401306592656
41.736339023,-87.6070001245,41.7371190,-87.6046220,0.133950237477
41.736339023,-87.5780001245,41.7372250,-87.5760060,0.11967259254
41.736339023,-87.5490001245,41.7354210,-87.5518640,0.160728477944
41.736339023,-87.5200001245,41.7354210,-87.5518640,1.64434020603
41.736339023,-87.4910001245,41.7038700,-87.5255930,2.86687993943
41.736339023,-87.4620001245,41.7038700,-87.5255930,3.97467044395
41.736339023,-87.4330001245,41.6794330,-87.4947630,5.06197364722
41.736339023,-87.4040001245,41.6794330,-87.4947630,6.11604930992
41.736339023,-87.3750001245,41.6779460,-87.4931350,7.31147585611
41.736339023,-87.3460001245,41.6461640,-87.4518170,8.28758612388
41.736339023,-87.3170001245,41.6461640,-87.4518170,9.34302130651
41.736339023,-87.2880001245,41.5999200,-87.3156510,9.5342328709
41.736339023,-87.2590001245,41.5960430,-87.2771550,9.73974902193
41.736339023,-87.2300001245,41.5960430,-87.2771550,9.99604436717
41.707339023,-88.4190001245,41.7186110,-88.3779260,2.25725397119
41.707339023,-88.3900001245,41.7186110,-88.3779260,0.997265167271
41.707339023,-88.3610001245,41.7026620,-88.3573810,0.37324488426
41.707339023,-88.3320001245,41.7037280,-88.3162430,0.850376074739
41.707339023,-88.3030001245,41.7060490,-88.3006060,0.15232091178
41.707339023,-88.2740001245,41.7060490,-88.3006060,1.37549682709
41.707339023,-88.2450001245,41.6990130,-88.2401060,0.62830515888
41.707339023,-88.2160001245,41.7089720,-88.2225550,0.356482557529
41.707339023,-88.1870001245,41.7184320,-88.1909380,0.792979624581
41.707339023,-88.1580001245,41.7048060,-88.1236840,1.77904493724
41.707339023,-88.1290001245,41.7048060,-88.1236840,0.325358106708
41.707339023,-88.1000001245,41.7079360,-88.0881330,0.613598852253
41.707339023,-88.0710001245,41.7049040,-88.0663310,0.29383236613
41.707339023,-88.0420001245,41.7182880,-88.0500160,0.862181048843
41.707339023,-88.0130001245,41.6975700,-88.0144310,0.679064827327
41.707339023,-87.9840001245,41.6975700,-88.0144310,1.70910342669
41.707339023,-87.9550001245,41.6814800,-87.9727370,2.00769051597
41.707339023,-87.9260001245,41.7390970,-87.9379840,2.27981759899
41.707339023,-87.8970001245,41.7390970,-87.9379840,3.04658735578
41.707339023,-87.8680001245,41.7181900,-87.8342200,1.89688024518
41.707339023,-87.8390001245,41.7181900,-87.8342200,0.789301208196
41.707339023,-87.8100001245,41.7112080,-87.8104450,0.268329509901
41.707339023,-87.7810001245,41.7085630,-87.7917930,0.563173074369
41.707339023,-87.7520001245,41.7080700,-87.7522040,0.0515939247004
41.707339023,-87.7230001245,41.7000550,-87.7204650,0.520043944527
41.707339023,-87.6940001245,41.7063300,-87.7001600,0.325347343296
41.707339023,-87.6650001245,41.7064820,-87.6695680,0.242983622325
41.707339023,-87.6360001245,41.7068470,-87.6405610,0.237737696796
41.707339023,-87.6070001245,41.7074680,-87.6107680,0.194585780551
41.707339023,-87.5780001245,41.7026620,-87.5597160,0.997158243927
41.707339023,-87.5490001245,41.7135510,-87.5505950,0.437060579332
41.707339023,-87.5200001245,41.7038700,-87.5255930,0.375127395327
41.707339023,-87.4910001245,41.6935490,-87.5144530,1.54030097793
41.707339023,-87.4620001245,41.6794330,-87.4947630,2.56469572879
41.707339023,-87.4330001245,41.6779460,-87.4931350,3.70922503223
41.707339023,-87.4040001245,41.6461640,-87.4518170,4.89551187021
41.707339023,-87.3750001245,41.6461640,-87.4518170,5.79688172663
41.707339023,-87.3460001245,41.6461640,-87.4518170,6.90845279926
41.707339023,-87.3170001245,41.5999200,-87.3156510,7.42298188453
41.707339023,-87.2880001245,41.5999200,-87.3156510,7.55893289852
41.707339023,-87.2590001245,41.5960430,-87.2771550,7.74757308533
41.707339023,-87.2300001245,41.5960430,-87.2771550,8.06740854877
41.678339023,-88.4190001245,41.6833200,-88.3829450,1.89231683336
41.678339023,-88.3900001245,41.6833200,-88.3829450,0.501034812332
41.678339023,-88.3610001245,41.6833200,-88.3829450,1.18368801141
41.678339023,-88.3320001245,41.6805820,-88.3372510,0.312191688857
41.678339023,-88.3030001245,41.6994200,-88.3102630,1.50412311595
41.678339023,-88.2740001245,41.6990130,-88.2401060,2.25812262666
41.678339023,-88.2450001245,41.6990130,-88.2401060,1.45071784493
41.678339023,-88.2160001245,41.6795530,-88.2072180,0.460956280524
41.678339023,-88.1870001245,41.6723670,-88.1851910,0.423100587904
41.678339023,-88.1580001245,41.6723670,-88.1851910,1.46292954064
41.678339023,-88.1290001245,41.6906410,-88.1275950,0.853153373121
41.678339023,-88.1000001245,41.6865380,-88.0887930,0.809612224768
41.678339023,-88.0710001245,41.6724070,-88.0618960,0.62358217584
41.678339023,-88.0420001245,41.6724070,-88.0618960,1.10575319595
41.678339023,-88.0130001245,41.6671370,-88.0014920,0.975747896808
41.678339023,-87.9840001245,41.6814800,-87.9727370,0.6204878114
41.678339023,-87.9550001245,41.6814800,-87.9727370,0.940778913721
41.678339023,-87.9260001245,41.6564890,-87.8973870,2.11234779022
41.678339023,-87.8970001245,41.6564890,-87.8973870,1.50996870932
41.678339023,-87.8680001245,41.6513950,-87.8536180,2.00446646226
41.678339023,-87.8390001245,41.6741340,-87.8159630,1.22406918854
41.678339023,-87.8100001245,41.6741340,-87.8159630,0.423269752732
41.678339023,-87.7810001245,41.6903520,-87.7850040,0.855423227953
41.678339023,-87.7520001245,41.6735870,-87.7392470,0.735623814501
41.678339023,-87.7230001245,41.6745010,-87.7195970,0.318102831503
41.678339023,-87.6940001245,41.6843450,-87.7015760,0.570172074858
41.678339023,-87.6650001245,41.6803720,-87.6641360,0.147388167112
41.678339023,-87.6360001245,41.6779520,-87.6362390,0.0294484100185
41.678339023,-87.6070001245,41.6853000,-87.6152050,0.640824605982
41.678339023,-87.5780001245,41.7026620,-87.5597160,1.9273530539
41.678339023,-87.5490001245,41.6812530,-87.5387300,0.567000806091
41.678339023,-87.5200001245,41.6791620,-87.5086990,0.586037902024
41.678339023,-87.4910001245,41.6779460,-87.4931350,0.113484482739
41.678339023,-87.4620001245,41.6779460,-87.4931350,1.60718912438
41.678339023,-87.4330001245,41.6461640,-87.4518170,2.42635178307
41.678339023,-87.4040001245,41.6461640,-87.4518170,3.32263497999
41.678339023,-87.3750001245,41.6461640,-87.4518170,4.54727440247
41.678339023,-87.3460001245,41.5999200,-87.3156510,5.64114099214
41.678339023,-87.3170001245,41.5999200,-87.3156510,5.41920294932
41.678339023,-87.2880001245,41.5999200,-87.3156510,5.60397779368
41.678339023,-87.2590001245,41.5960430,-87.2771550,5.76353162868
41.678339023,-87.2300001245,41.5960430,-87.2771550,6.18679956158
41.649339023,-88.4190001245,41.6833200,-88.3829450,2.99598145816
41.649339023,-88.3900001245,41.6833200,-88.3829450,2.37614767701
41.649339023,-88.3610001245,41.6805820,-88.3372510,2.48257311962
41.649339023,-88.3320001245,41.6805820,-88.3372510,2.17583239776
41.649339023,-88.3030001245,41.6805820,-88.3372510,2.7902712551
41.649339023,-88.2740001245,41.6534960,-88.2067250,3.48543618455
41.649339023,-88.2450001245,41.6534960,-88.2067250,1.99700508298
41.649339023,-88.2160001245,41.6534960,-88.2067250,0.558438557987
41.649339023,-88.1870001245,41.6446180,-88.1770390,0.609111149238
41.649339023,-88.1580001245,41.6446180,-88.1770390,1.03586839505
41.649339023,-88.1290001245,41.6577710,-88.1288180,0.582725478735
41.649339023,-88.1000001245,41.6398070,-88.0844460,1.03878603668
41.649339023,-88.0710001245,41.6527990,-88.0780410,0.435113593179
41.649339023,-88.0420001245,41.6527990,-88.0780410,1.87619450234
41.649339023,-88.0130001245,41.6549410,-87.9996500,0.790541875762
41.649339023,-87.9840001245,41.6549410,-87.9996500,0.89596061294
41.649339023,-87.9550001245,41.6414030,-87.9512890,0.580904136771
41.649339023,-87.9260001245,41.6303930,-87.9259400,1.30917387257
41.649339023,-87.8970001245,41.6564890,-87.8973870,0.494467016616
41.649339023,-87.8680001245,41.6513950,-87.8536180,0.756075896725
41.649339023,-87.8390001245,41.6513950,-87.8536180,0.768035277228
41.649339023,-87.8100001245,41.6305690,-87.8255010,1.5242192693
41.649339023,-87.7810001245,41.6599700,-87.7788040,0.743298668365
41.649339023,-87.7520001245,41.6520030,-87.7383680,0.72754902597
41.649339023,-87.7230001245,41.6473320,-87.7192620,0.237682622195
41.649339023,-87.6940001245,41.6503340,-87.6907090,0.183318306051
41.649339023,-87.6650001245,41.6554910,-87.6700740,0.499338441832
41.649339023,-87.6360001245,41.6447680,-87.6277420,0.530680114317
41.649339023,-87.6070001245,41.6517700,-87.6092010,0.20280882469
41.649339023,-87.5780001245,41.6370990,-87.5818550,0.868901042928
41.649339023,-87.5490001245,41.6519730,-87.5457580,0.247286345317
41.649339023,-87.5200001245,41.6519730,-87.5457580,1.3423698321
41.649339023,-87.4910001245,41.6353860,-87.4806590,1.10219887001
41.649339023,-87.4620001245,41.6461640,-87.4518170,0.569772713473
41.649339023,-87.4330001245,41.6461640,-87.4518170,0.996132588609
41.649339023,-87.4040001245,41.6461640,-87.4518170,2.47891112571
41.649339023,-87.3750001245,41.6017160,-87.4032770,3.60056666002
41.649339023,-87.3460001245,41.5999200,-87.3156510,3.75776564743
41.649339023,-87.3170001245,41.5999200,-87.3156510,3.41556606929
41.649339023,-87.2880001245,41.5999200,-87.3156510,3.70174257341
41.649339023,-87.2590001245,41.5960430,-87.2771550,3.8003862142
41.649339023,-87.2300001245,41.5960430,-87.2771550,4.41600807942
41.620339023,-88.4190001245,41.6833200,-88.3829450,4.73309383146
41.620339023,-88.3900001245,41.6833200,-88.3829450,4.36719018394
41.620339023,-88.3610001245,41.6805820,-88.3372510,4.33949106311
41.620339023,-88.3320001245,41.6805820,-88.3372510,4.17160161277
41.620339023,-88.3030001245,41.6805820,-88.3372510,4.52256863625
41.620339023,-88.2740001245,41.6147130,-88.2011830,3.78202249773
41.620339023,-88.2450001245,41.6147130,-88.2011830,2.29688549834
41.620339023,-88.2160001245,41.6147130,-88.2011830,0.858563073416
41.620339023,-88.1870001245,41.6147130,-88.2011830,0.829479866563
41.620339023,-88.1580001245,41.6085160,-88.1665480,0.928709450623
41.620339023,-88.1290001245,41.6233490,-88.1257650,0.266809295673
41.620339023,-88.1000001245,41.6233490,-88.1257650,1.34707962841
41.620339023,-88.0710001245,41.6398070,-88.0844460,1.51388308535
41.620339023,-88.0420001245,41.6234760,-88.0266760,0.820733149118
41.620339023,-88.0130001245,41.6234760,-88.0266760,0.738955842625
41.620339023,-87.9840001245,41.6234760,-88.0266760,2.21511797412
41.620339023,-87.9550001245,41.6414030,-87.9512890,1.46808402731
41.620339023,-87.9260001245,41.6303930,-87.9259400,0.694736751534
41.620339023,-87.8970001245,41.6290080,-87.8969360,0.599035467511
41.620339023,-87.8680001245,41.6156890,-87.8629120,0.415142288399
41.620339023,-87.8390001245,41.6160590,-87.8431660,0.365769282734
41.620339023,-87.8100001245,41.6305690,-87.8255010,1.06803959042
41.620339023,-87.7810001245,41.6024720,-87.7546120,1.83944734423
41.620339023,-87.7520001245,41.6254130,-87.7332290,1.03106474724
41.620339023,-87.7230001245,41.6253660,-87.7144020,0.563842735041
41.620339023,-87.6940001245,41.6260560,-87.6923260,0.40439726792
41.620339023,-87.6650001245,41.6228070,-87.6724770,0.422207362845
41.620339023,-87.6360001245,41.6083130,-87.6327480,0.847816628338
41.620339023,-87.6070001245,41.6146060,-87.5975690,0.627968859159
41.620339023,-87.5780001245,41.6235460,-87.5728770,0.34517111365
41.620339023,-87.5490001245,41.6195010,-87.5595040,0.545708006111
41.620339023,-87.5200001245,41.6207510,-87.5224170,0.128056936377
41.620339023,-87.4910001245,41.6248810,-87.4863880,0.39403171648
41.620339023,-87.4620001245,41.6267060,-87.4558170,0.543662005246
41.620339023,-87.4330001245,41.6267060,-87.4558170,1.25802074102
41.620339023,-87.4040001245,41.6017160,-87.4032770,1.2873932889
41.620339023,-87.3750001245,41.6017160,-87.4032770,1.94705523012
41.620339023,-87.3460001245,41.5999200,-87.3156510,2.10958859705
41.620339023,-87.3170001245,41.5999200,-87.3156510,1.41267581613
41.620339023,-87.2880001245,41.5960430,-87.2771550,1.76993489234
41.620339023,-87.2590001245,41.5960430,-87.2771550,1.92322758389
41.620339023,-87.2300001245,41.5960430,-87.2771550,2.95922224914
41.591339023,-88.4190001245,41.5117710,-88.3479100,6.61527843133
41.591339023,-88.3900001245,41.5117710,-88.3479100,5.91382277557
41.591339023,-88.3610001245,41.5117710,-88.3479100,5.53971788333
41.591339023,-88.3320001245,41.5117710,-88.3479100,5.55944529088
41.591339023,-88.3030001245,41.5449850,-88.2411120,4.52822363004
41.591339023,-88.2740001245,41.5449850,-88.2411120,3.6266856229
41.591339023,-88.2450001245,41.5901560,-88.2035820,2.14218078135
41.591339023,-88.2160001245,41.5901560,-88.2035820,0.64699327791
41.591339023,-88.1870001245,41.5881950,-88.1815430,0.356020644002
41.591339023,-88.1580001245,41.5881950,-88.1815430,1.23604988936
41.591339023,-88.1290001245,41.5697300,-88.1219490,1.53703812805
41.591339023,-88.1000001245,41.5697300,-88.1219490,1.87543237222
41.591339023,-88.0710001245,41.5891790,-88.0573850,0.719338890856
41.591339023,-88.0420001245,41.5914300,-88.0434480,0.0750929408653
41.591339023,-88.0130001245,41.5921070,-88.0232680,0.533307258744
41.591339023,-87.9840001245,41.5921070,-88.0232680,2.03012112837
41.591339023,-87.9550001245,41.5487200,-87.9429010,3.01071473971
41.591339023,-87.9260001245,41.6006980,-87.8915550,1.89378579493
41.591339023,-87.8970001245,41.6006980,-87.8915550,0.705265821186
41.591339023,-87.8680001245,41.5998550,-87.8618180,0.669578437174
41.591339023,-87.8390001245,41.5991660,-87.8430430,0.579792819489
41.591339023,-87.8100001245,41.5869370,-87.8129880,0.341136567757
41.591339023,-87.7810001245,41.5876690,-87.7851820,0.333210380302
41.591339023,-87.7520001245,41.6024720,-87.7546120,0.781038077495
41.591339023,-87.7230001245,41.5860470,-87.7227090,0.365988244497
41.591339023,-87.6940001245,41.6006690,-87.6908610,0.664795559655
41.591339023,-87.6650001245,41.5866730,-87.6659820,0.326391709706
41.591339023,-87.6360001245,41.5937300,-87.6251310,0.58551317348
41.591339023,-87.6070001245,41.6007250,-87.5984820,0.783833839171
41.591339023,-87.5780001245,41.6003280,-87.5910210,0.91572137616
41.591339023,-87.5490001245,41.5894070,-87.5556880,0.370540366017
41.591339023,-87.5200001245,41.6011870,-87.5174100,0.693532754226
41.591339023,-87.4910001245,41.5957040,-87.4864570,0.382227164769
41.591339023,-87.4620001245,41.5933530,-87.4617740,0.139655617226
41.591339023,-87.4330001245,41.5881090,-87.4448590,0.652297071352
41.591339023,-87.4040001245,41.6017160,-87.4032770,0.718022072193
41.591339023,-87.3750001245,41.5877800,-87.3660860,0.522255147706
41.591339023,-87.3460001245,41.5905790,-87.3368450,0.476068475235
41.591339023,-87.3170001245,41.5999200,-87.3156510,0.597029956749
41.591339023,-87.2880001245,41.5960430,-87.2771550,0.647895751985
41.591339023,-87.2590001245,41.5960430,-87.2771550,0.99292684613
41.591339023,-87.2300001245,41.5743950,-87.2323830,1.17729435739
41.562339023,-88.4190001245,41.5117710,-88.3479100,5.07366108483
41.562339023,-88.3900001245,41.5117710,-88.3479100,4.11745405567
41.562339023,-88.3610001245,41.5117710,-88.3479100,3.55929800757
41.562339023,-88.3320001245,41.5117710,-88.3479100,3.58992479336
41.562339023,-88.3030001245,41.5449850,-88.2411120,3.4180679638
41.562339023,-88.2740001245,41.5449850,-88.2411120,2.08116024583
41.562339023,-88.2450001245,41.5449850,-88.2411120,1.21590687634
41.562339023,-88.2160001245,41.5634850,-88.2012890,0.764742552238
41.562339023,-88.1870001245,41.5631400,-88.1992350,0.635018414927
41.562339023,-88.1580001245,41.5650780,-88.1589800,0.195926809941
41.562339023,-88.1290001245,41.5697300,-88.1219490,0.627471615818
41.562339023,-88.1000001245,41.5697300,-88.1219490,1.24437976693
41.562339023,-88.0710001245,41.5540180,-88.0618340,0.74517155528
41.562339023,-88.0420001245,41.5540180,-88.0618340,1.17582554576
41.562339023,-88.0130001245,41.5921070,-88.0232680,2.12431509181
41.562339023,-87.9840001245,41.5487200,-87.9429010,2.32451176329
41.562339023,-87.9550001245,41.5487200,-87.9429010,1.13011047941
41.562339023,-87.9260001245,41.5487200,-87.9429010,1.2843624709
41.562339023,-87.8970001245,41.5633530,-87.8926090,0.237606916785
41.562339023,-87.8680001245,41.5650800,-87.8471200,1.09605880675
41.562339023,-87.8390001245,41.5650800,-87.8471200,0.460570381221
41.562339023,-87.8100001245,41.5535850,-87.8040750,0.678078331454
41.562339023,-87.7810001245,41.5589610,-87.7845880,0.298167905248
41.562339023,-87.7520001245,41.5589610,-87.7845880,1.70114899519
41.562339023,-87.7230001245,41.5567760,-87.7171950,0.487725915494
41.562339023,-87.6940001245,41.5562130,-87.6933310,0.424719941361
41.562339023,-87.6650001245,41.5565850,-87.6739100,0.608572367193
41.562339023,-87.6360001245,41.5675900,-87.6368850,0.365715289976
41.562339023,-87.6070001245,41.5675900,-87.6368850,1.58711775917
41.562339023,-87.5780001245,41.5646500,-87.5429060,1.8215056471
41.562339023,-87.5490001245,41.5646500,-87.5429060,0.353243473416
41.562339023,-87.5200001245,41.5628660,-87.5250470,0.263477254028
41.562339023,-87.4910001245,41.5513240,-87.4908300,0.761188934069
41.562339023,-87.4620001245,41.5577870,-87.4710710,0.564750555806
41.562339023,-87.4330001245,41.5538780,-87.4309460,0.594227934013
41.562339023,-87.4040001245,41.5736490,-87.4133240,0.918208544933
41.562339023,-87.3750001245,41.5720570,-87.3602550,1.0158801361
41.562339023,-87.3460001245,41.5584480,-87.3547220,0.5250599185
41.562339023,-87.3170001245,41.5508380,-87.3045410,1.02309733267
41.562339023,-87.2880001245,41.5706320,-87.2791290,0.733974491259
41.562339023,-87.2590001245,41.5509620,-87.2704660,0.984696956197
41.562339023,-87.2300001245,41.5743950,-87.2323830,0.842126336853
41.533339023,-88.4190001245,41.5117710,-88.3479100,3.96905471158
41.533339023,-88.3900001245,41.5117710,-88.3479100,2.63908817593
41.533339023,-88.3610001245,41.5117710,-88.3479100,1.63705858369
41.533339023,-88.3320001245,41.5117710,-88.3479100,1.70262107404
41.533339023,-88.3030001245,41.5117710,-88.3479100,2.76073532711
41.533339023,-88.2740001245,41.5449850,-88.2411120,1.88171138868
41.533339023,-88.2450001245,41.5449850,-88.2411120,0.829481352059
41.533339023,-88.2160001245,41.5402640,-88.2031470,0.819109921781
41.533339023,-88.1870001245,41.5370290,-88.1973240,0.591759799211
41.533339023,-88.1580001245,41.5224210,-88.1562980,0.759557716822
41.533339023,-88.1290001245,41.5248140,-88.1330560,0.625335007658
41.533339023,-88.1000001245,41.5356250,-88.0987050,0.171580001274
41.533339023,-88.0710001245,41.5338220,-88.0724090,0.0801567469899
41.533339023,-88.0420001245,41.5329410,-88.0526710,0.552677985692
41.533339023,-88.0130001245,41.5266690,-88.0135840,0.461887349821
41.533339023,-87.9840001245,41.5311180,-87.9660750,0.939888850179
41.533339023,-87.9550001245,41.5311180,-87.9660750,0.593108157463
41.533339023,-87.9260001245,41.5290160,-87.9181680,0.503387194649
41.533339023,-87.8970001245,41.5256390,-87.8886700,0.684707478549
41.533339023,-87.8680001245,41.5297660,-87.8517400,0.876646206408
41.533339023,-87.8390001245,41.5297660,-87.8517400,0.703781310241
41.533339023,-87.8100001245,41.5439630,-87.8003320,0.888236593814
41.533339023,-87.7810001245,41.5439630,-87.8003320,1.24041208191
41.533339023,-87.7520001245,41.5130150,-87.7324600,1.73050205671
41.533339023,-87.7230001245,41.5227440,-87.7030620,1.26493893428
41.533339023,-87.6940001245,41.5365870,-87.6981430,0.310311637653
41.533339023,-87.6650001245,41.5426960,-87.6792890,0.98194953743
41.533339023,-87.6360001245,41.5470000,-87.6352330,0.944806863386
41.533339023,-87.6070001245,41.5470000,-87.6352330,1.73870467349
41.533339023,-87.5780001245,41.5431600,-87.5483460,1.67716414789
41.533339023,-87.5490001245,41.5431600,-87.5483460,0.67947229934
41.533339023,-87.5200001245,41.5430870,-87.5211300,0.676115410897
41.533339023,-87.4910001245,41.5375000,-87.4846000,0.438477845626
41.533339023,-87.4620001245,41.5374330,-87.4675140,0.401711411825
41.533339023,-87.4330001245,41.5382240,-87.4335660,0.338818551882
41.533339023,-87.4040001245,41.5226130,-87.3972370,0.819612061318
41.533339023,-87.3750001245,41.5226130,-87.3972370,1.36854685723
41.533339023,-87.3460001245,41.5303780,-87.3357630,0.567728276524
41.533339023,-87.3170001245,41.5291110,-87.3268240,0.586201009965
41.533339023,-87.2880001245,41.5397820,-87.2719590,0.941604210164
41.533339023,-87.2590001245,41.5397820,-87.2719590,0.804664234687
41.533339023,-87.2300001245,41.5526400,-87.2447490,1.53638470553
41.504339023,-88.4190001245,41.5117710,-88.3479100,3.7142945795
41.504339023,-88.3900001245,41.5117710,-88.3479100,2.2377165415
41.504339023,-88.3610001245,41.5117710,-88.3479100,0.850029250199
41.504339023,-88.3320001245,41.5117710,-88.3479100,0.970313063675
41.504339023,-88.3030001245,41.5117710,-88.3479100,2.37996816494
41.504339023,-88.2740001245,41.5449850,-88.2411120,3.28354655088
41.504339023,-88.2450001245,41.5149490,-88.1978870,2.54564911034
41.504339023,-88.2160001245,41.5149490,-88.1978870,1.1899221344
41.504339023,-88.1870001245,41.4948190,-88.1810860,0.725568318626
41.504339023,-88.1580001245,41.4948900,-88.1694720,0.882544861404
41.504339023,-88.1290001245,41.5052330,-88.1142030,0.768255070895
41.504339023,-88.1000001245,41.5052330,-88.1142030,0.737605752725
41.504339023,-88.0710001245,41.5023120,-88.0719930,0.149195290805
41.504339023,-88.0420001245,41.5111240,-88.0169350,1.37916606492
41.504339023,-88.0130001245,41.5111240,-88.0169350,0.511147783403
41.504339023,-87.9840001245,41.5175700,-87.9868370,0.925968501492
41.504339023,-87.9550001245,41.4813510,-87.9581310,1.59672051419
41.504339023,-87.9260001245,41.4894460,-87.9295610,1.04548478617
41.504339023,-87.8970001245,41.5256390,-87.8886700,1.53362414743
41.504339023,-87.8680001245,41.5048410,-87.8531110,0.771313593877
41.504339023,-87.8390001245,41.5047040,-87.8489230,0.51414285159
41.504339023,-87.8100001245,41.5072670,-87.8096460,0.203151458201
41.504339023,-87.7810001245,41.5072670,-87.8096460,1.4961521529
41.504339023,-87.7520001245,41.5010640,-87.7364370,0.836648342741
41.504339023,-87.7230001245,41.5045830,-87.7245410,0.0815054255483
41.504339023,-87.6940001245,41.5059500,-87.7158710,1.13729043034
41.504339023,-87.6650001245,41.5060600,-87.6677260,0.184502729132
41.504339023,-87.6360001245,41.5026110,-87.6412100,0.294884703732
41.504339023,-87.6070001245,41.5058600,-87.5932540,0.719092110125
41.504339023,-87.5780001245,41.4979060,-87.5779340,0.444535063755
41.504339023,-87.5490001245,41.5163810,-87.5441330,0.86937485656
41.504339023,-87.5200001245,41.5091520,-87.5200140,0.332577485807
41.504339023,-87.4910001245,41.4925010,-87.4941170,0.833765296971
41.504339023,-87.4620001245,41.4998450,-87.4732370,0.659284306326
41.504339023,-87.4330001245,41.4801010,-87.4549440,2.02379515566
41.504339023,-87.4040001245,41.5226130,-87.3972370,1.31031495145
41.504339023,-87.3750001245,41.5142470,-87.3598420,1.04111647605
41.504339023,-87.3460001245,41.5055930,-87.3387720,0.383966228227
41.504339023,-87.3170001245,41.5099680,-87.3358610,1.05065080673
41.504339023,-87.2880001245,41.4745960,-87.2972110,2.10984724718
41.504339023,-87.2590001245,41.5397820,-87.2719590,2.53917530295
41.504339023,-87.2300001245,41.5397820,-87.2719590,3.2723330216
41.475339023,-88.4190001245,41.5117710,-88.3479100,4.4575557835
41.475339023,-88.3900001245,41.5117710,-88.3479100,3.32884284097
41.475339023,-88.3610001245,41.5117710,-88.3479100,2.6069846693
41.475339023,-88.3320001245,41.5117710,-88.3479100,2.64864621671
41.475339023,-88.3030001245,41.4449630,-88.2724920,2.62736953371
41.475339023,-88.2740001245,41.4449630,-88.2724920,2.1004364108
41.475339023,-88.2450001245,41.4472020,-88.2381670,1.97622154117
41.475339023,-88.2160001245,41.4948190,-88.1810860,2.25336002618
41.475339023,-88.1870001245,41.4948190,-88.1810860,1.38043440112
41.475339023,-88.1580001245,41.4948900,-88.1694720,1.47570249399
41.475339023,-88.1290001245,41.5052330,-88.1142030,2.20304519756
41.475339023,-88.1000001245,41.5052330,-88.1142030,2.19254521846
41.475339023,-88.0710001245,41.5023120,-88.0719930,1.86454089865
41.475339023,-88.0420001245,41.5023120,-88.0719930,2.42555227736
41.475339023,-88.0130001245,41.4827730,-87.9842050,1.57672130017
41.475339023,-87.9840001245,41.4827730,-87.9842050,0.513797293232
41.475339023,-87.9550001245,41.4813510,-87.9581310,0.445928210154
41.475339023,-87.9260001245,41.4853360,-87.9238290,0.699874599291
41.475339023,-87.8970001245,41.4853360,-87.9238290,1.55116009924
41.475339023,-87.8680001245,41.5048410,-87.8531110,2.17934780805
41.475339023,-87.8390001245,41.5047040,-87.8489230,2.09309207632
41.475339023,-87.8100001245,41.5072670,-87.8096460,2.20629931986
41.475339023,-87.7810001245,41.4379740,-87.7881690,2.60849604539
41.475339023,-87.7520001245,41.5010640,-87.7364370,1.95156709603
41.475339023,-87.7230001245,41.4847450,-87.7144650,0.785915450874
41.475339023,-87.6940001245,41.4707800,-87.6976510,0.367393594552
41.475339023,-87.6650001245,41.4820200,-87.6830900,1.04411214659
41.475339023,-87.6360001245,41.4724380,-87.6357300,0.200948015725
41.475339023,-87.6070001245,41.4724380,-87.6357300,1.50100149422
41.475339023,-87.5780001245,41.4979060,-87.5779340,1.55938186631
41.475339023,-87.5490001245,41.4979060,-87.5779340,2.16200235156
41.475339023,-87.5200001245,41.4925010,-87.4941170,1.78920483951
41.475339023,-87.4910001245,41.4925010,-87.4941170,1.19681651292
41.475339023,-87.4620001245,41.4801010,-87.4549440,0.491652877804
41.475339023,-87.4330001245,41.4801010,-87.4549440,1.18275469783
41.475339023,-87.4040001245,41.4688590,-87.3644110,2.09826480289
41.475339023,-87.3750001245,41.4688590,-87.3644110,0.707910774554
41.475339023,-87.3460001245,41.4711530,-87.3372790,0.536264058397
41.475339023,-87.3170001245,41.4756930,-87.3212120,0.219436079493
41.475339023,-87.2880001245,41.4745960,-87.2972110,0.479654213692
41.475339023,-87.2590001245,41.4745960,-87.2972110,1.97905621231
41.475339023,-87.2300001245,41.4745960,-87.2972110,3.48026055897
41.446339023,-88.4190001245,41.5117710,-88.3479100,5.82879518621
41.446339023,-88.3900001245,41.5117710,-88.3479100,5.01858988359
41.446339023,-88.3610001245,41.5117710,-88.3479100,4.57180695412
41.446339023,-88.3320001245,41.4449630,-88.2724920,3.08394147267
41.446339023,-88.3030001245,41.4449630,-88.2724920,1.58315540949
41.446339023,-88.2740001245,41.4449630,-88.2724920,0.123058927894
41.446339023,-88.2450001245,41.4472020,-88.2381670,0.358926649782
41.446339023,-88.2160001245,41.4472020,-88.2381670,1.14973504111
41.446339023,-88.1870001245,41.4174730,-88.2169030,2.52583923932
41.446339023,-88.1580001245,41.4948900,-88.1694720,3.40701345597
41.446339023,-88.1290001245,41.4039930,-88.1108350,3.07385846186
41.446339023,-88.1000001245,41.4040160,-88.1078760,2.95287441767
41.446339023,-88.0710001245,41.4040160,-88.1078760,3.49371853426
41.446339023,-88.0420001245,41.4335640,-87.9955160,2.56495515694
41.446339023,-88.0130001245,41.4335640,-87.9955160,1.26482041936
41.446339023,-87.9840001245,41.4335640,-87.9955160,1.06546148899
41.446339023,-87.9550001245,41.4335640,-87.9955160,2.27712701248
41.446339023,-87.9260001245,41.4853360,-87.9238290,2.69703397795
41.446339023,-87.8970001245,41.4853360,-87.9238290,3.03154506431
41.446339023,-87.8680001245,41.4853360,-87.9238290,3.95145535904
41.446339023,-87.8390001245,41.4379740,-87.7881690,2.69599022337
41.446339023,-87.8100001245,41.4379740,-87.7881690,1.27010832715
41.446339023,-87.7810001245,41.4379740,-87.7881690,0.687048376406
41.446339023,-87.7520001245,41.4360160,-87.7529740,0.71510292426
41.446339023,-87.7230001245,41.4360160,-87.7529740,1.7088393996
41.446339023,-87.6940001245,41.4458440,-87.6713470,1.17389706401
41.446339023,-87.6650001245,41.4458440,-87.6713470,0.330533549296
41.446339023,-87.6360001245,41.4435680,-87.6303230,0.350920224468
41.446339023,-87.6070001245,41.4441040,-87.5872700,1.0336219545
41.446339023,-87.5780001245,41.4441040,-87.5872700,0.504404041485
41.446339023,-87.5490001245,41.4441040,-87.5872700,1.9883833648
41.446339023,-87.5200001245,41.4474550,-87.5052550,0.767639945072
41.446339023,-87.4910001245,41.4434480,-87.4810630,0.552152950983
41.446339023,-87.4620001245,41.4453330,-87.4713020,0.486816225588
41.446339023,-87.4330001245,41.4453330,-87.4713020,1.9852140418
41.446339023,-87.4040001245,41.4515550,-87.3647000,2.06717314335
41.446339023,-87.3750001245,41.4515550,-87.3647000,0.643825321595
41.446339023,-87.3460001245,41.4493230,-87.3337900,0.665196580762
41.446339023,-87.3170001245,41.4493230,-87.3337900,0.89375424279
41.446339023,-87.2880001245,41.4558290,-87.2969570,0.803245871805
41.446339023,-87.2590001245,41.4215680,-87.2370520,2.05506812627
41.446339023,-87.2300001245,41.4215680,-87.2370520,1.75024783089
41.417339023,-88.4190001245,41.5117710,-88.3479100,7.49073651269
41.417339023,-88.3900001245,41.4198480,-88.2722850,6.10237577109
41.417339023,-88.3610001245,41.4198480,-88.2722850,4.60042147499
41.417339023,-88.3320001245,41.4198480,-88.2722850,3.09924743888
41.417339023,-88.3030001245,41.4198480,-88.2722850,1.60104992774
41.417339023,-88.2740001245,41.4198480,-88.2722850,0.194823762991
41.417339023,-88.2450001245,41.4198480,-88.2722850,1.42447217242
41.417339023,-88.2160001245,41.4174730,-88.2169030,0.0476951791751
41.417339023,-88.1870001245,41.4174730,-88.2169030,1.54962966756
41.417339023,-88.1580001245,41.4039930,-88.1108350,2.61282024769
41.417339023,-88.1290001245,41.4039930,-88.1108350,1.31793650716
41.417339023,-88.1000001245,41.4040160,-88.1078760,1.0070688737
41.417339023,-88.0710001245,41.4040160,-88.1078760,2.12150644272
41.417339023,-88.0420001245,41.4335640,-87.9955160,2.65644656035
41.417339023,-88.0130001245,41.4335640,-87.9955160,1.44134800244
41.417339023,-87.9840001245,41.4335640,-87.9955160,1.27000848636
41.417339023,-87.9550001245,41.4335640,-87.9955160,2.37971023485
41.417339023,-87.9260001245,41.4335640,-87.9955160,3.7719731976
41.417339023,-87.8970001245,41.4853360,-87.9238290,4.89955750251
41.417339023,-87.8680001245,41.4379740,-87.7881690,4.37454158852
41.417339023,-87.8390001245,41.4379740,-87.7881690,2.99455799029
41.417339023,-87.8100001245,41.4379740,-87.7881690,1.81994215166
41.417339023,-87.7810001245,41.4121840,-87.7722550,0.576450304266
41.417339023,-87.7520001245,41.4121840,-87.7722550,1.10850910735
41.417339023,-87.7230001245,41.4360160,-87.7529740,2.01913343875
41.417339023,-87.6940001245,41.4458440,-87.6713470,2.29271855276
41.417339023,-87.6650001245,41.4458440,-87.6713470,1.99694177995
41.417339023,-87.6360001245,41.4435680,-87.6303230,1.8361252492
41.417339023,-87.6070001245,41.4441040,-87.5872700,2.11306047356
41.417339023,-87.5780001245,41.4441040,-87.5872700,1.91077828572
41.417339023,-87.5490001245,41.4441040,-87.5872700,2.7111471051
41.417339023,-87.5200001245,41.4474550,-87.5052550,2.21674171417
41.417339023,-87.4910001245,41.4434480,-87.4810630,1.87612662966
41.417339023,-87.4620001245,41.4453330,-87.4713020,1.99348896762
41.417339023,-87.4330001245,41.4453330,-87.4713020,2.77093540493
41.417339023,-87.4040001245,41.4173150,-87.3649120,2.02559797575
41.417339023,-87.3750001245,41.4173150,-87.3649120,0.522782327934
41.417339023,-87.3460001245,41.4208200,-87.3446830,0.250031173612
41.417339023,-87.3170001245,41.4169540,-87.3291260,0.628945048199
41.417339023,-87.2880001245,41.4169540,-87.3291260,2.13137409477
41.417339023,-87.2590001245,41.4215680,-87.2370520,1.17424800211
41.417339023,-87.2300001245,41.4215680,-87.2370520,0.467889769437
